--
-- PostgreSQL database dump
--

\restrict GwdrkQlqqXkf9NOWX1rlEVtPqCChVf00mQ0S6M6QQoNn28nVsfIBcuiIntTmiOq

-- Dumped from database version 15.15 (Debian 15.15-1.pgdg13+1)
-- Dumped by pg_dump version 15.15 (Debian 15.15-1.pgdg13+1)

SET statement_timeout = 0;
SET lock_timeout = 0;
SET idle_in_transaction_session_timeout = 0;
SET client_encoding = 'UTF8';
SET standard_conforming_strings = on;
SELECT pg_catalog.set_config('search_path', '', false);
SET check_function_bodies = false;
SET xmloption = content;
SET client_min_messages = warning;
SET row_security = off;

SET default_tablespace = '';

SET default_table_access_method = heap;

--
-- Name: auth_group; Type: TABLE; Schema: public; Owner: vor_user
--

CREATE TABLE public.auth_group (
    id integer NOT NULL,
    name character varying(150) NOT NULL
);


ALTER TABLE public.auth_group OWNER TO vor_user;

--
-- Name: auth_group_id_seq; Type: SEQUENCE; Schema: public; Owner: vor_user
--

ALTER TABLE public.auth_group ALTER COLUMN id ADD GENERATED BY DEFAULT AS IDENTITY (
    SEQUENCE NAME public.auth_group_id_seq
    START WITH 1
    INCREMENT BY 1
    NO MINVALUE
    NO MAXVALUE
    CACHE 1
);


--
-- Name: auth_group_permissions; Type: TABLE; Schema: public; Owner: vor_user
--

CREATE TABLE public.auth_group_permissions (
    id bigint NOT NULL,
    group_id integer NOT NULL,
    permission_id integer NOT NULL
);


ALTER TABLE public.auth_group_permissions OWNER TO vor_user;

--
-- Name: auth_group_permissions_id_seq; Type: SEQUENCE; Schema: public; Owner: vor_user
--

ALTER TABLE public.auth_group_permissions ALTER COLUMN id ADD GENERATED BY DEFAULT AS IDENTITY (
    SEQUENCE NAME public.auth_group_permissions_id_seq
    START WITH 1
    INCREMENT BY 1
    NO MINVALUE
    NO MAXVALUE
    CACHE 1
);


--
-- Name: auth_permission; Type: TABLE; Schema: public; Owner: vor_user
--

CREATE TABLE public.auth_permission (
    id integer NOT NULL,
    name character varying(255) NOT NULL,
    content_type_id integer NOT NULL,
    codename character varying(100) NOT NULL
);


ALTER TABLE public.auth_permission OWNER TO vor_user;

--
-- Name: auth_permission_id_seq; Type: SEQUENCE; Schema: public; Owner: vor_user
--

ALTER TABLE public.auth_permission ALTER COLUMN id ADD GENERATED BY DEFAULT AS IDENTITY (
    SEQUENCE NAME public.auth_permission_id_seq
    START WITH 1
    INCREMENT BY 1
    NO MINVALUE
    NO MAXVALUE
    CACHE 1
);


--
-- Name: auth_user; Type: TABLE; Schema: public; Owner: vor_user
--

CREATE TABLE public.auth_user (
    id integer NOT NULL,
    password character varying(128) NOT NULL,
    last_login timestamp with time zone,
    is_superuser boolean NOT NULL,
    username character varying(150) NOT NULL,
    first_name character varying(150) NOT NULL,
    last_name character varying(150) NOT NULL,
    email character varying(254) NOT NULL,
    is_staff boolean NOT NULL,
    is_active boolean NOT NULL,
    date_joined timestamp with time zone NOT NULL
);


ALTER TABLE public.auth_user OWNER TO vor_user;

--
-- Name: auth_user_groups; Type: TABLE; Schema: public; Owner: vor_user
--

CREATE TABLE public.auth_user_groups (
    id bigint NOT NULL,
    user_id integer NOT NULL,
    group_id integer NOT NULL
);


ALTER TABLE public.auth_user_groups OWNER TO vor_user;

--
-- Name: auth_user_groups_id_seq; Type: SEQUENCE; Schema: public; Owner: vor_user
--

ALTER TABLE public.auth_user_groups ALTER COLUMN id ADD GENERATED BY DEFAULT AS IDENTITY (
    SEQUENCE NAME public.auth_user_groups_id_seq
    START WITH 1
    INCREMENT BY 1
    NO MINVALUE
    NO MAXVALUE
    CACHE 1
);


--
-- Name: auth_user_id_seq; Type: SEQUENCE; Schema: public; Owner: vor_user
--

ALTER TABLE public.auth_user ALTER COLUMN id ADD GENERATED BY DEFAULT AS IDENTITY (
    SEQUENCE NAME public.auth_user_id_seq
    START WITH 1
    INCREMENT BY 1
    NO MINVALUE
    NO MAXVALUE
    CACHE 1
);


--
-- Name: auth_user_user_permissions; Type: TABLE; Schema: public; Owner: vor_user
--

CREATE TABLE public.auth_user_user_permissions (
    id bigint NOT NULL,
    user_id integer NOT NULL,
    permission_id integer NOT NULL
);


ALTER TABLE public.auth_user_user_permissions OWNER TO vor_user;

--
-- Name: auth_user_user_permissions_id_seq; Type: SEQUENCE; Schema: public; Owner: vor_user
--

ALTER TABLE public.auth_user_user_permissions ALTER COLUMN id ADD GENERATED BY DEFAULT AS IDENTITY (
    SEQUENCE NAME public.auth_user_user_permissions_id_seq
    START WITH 1
    INCREMENT BY 1
    NO MINVALUE
    NO MAXVALUE
    CACHE 1
);


--
-- Name: authtoken_token; Type: TABLE; Schema: public; Owner: vor_user
--

CREATE TABLE public.authtoken_token (
    key character varying(40) NOT NULL,
    created timestamp with time zone NOT NULL,
    user_id integer NOT NULL
);


ALTER TABLE public.authtoken_token OWNER TO vor_user;

--
-- Name: django_admin_log; Type: TABLE; Schema: public; Owner: vor_user
--

CREATE TABLE public.django_admin_log (
    id integer NOT NULL,
    action_time timestamp with time zone NOT NULL,
    object_id text,
    object_repr character varying(200) NOT NULL,
    action_flag smallint NOT NULL,
    change_message text NOT NULL,
    content_type_id integer,
    user_id integer NOT NULL,
    CONSTRAINT django_admin_log_action_flag_check CHECK ((action_flag >= 0))
);


ALTER TABLE public.django_admin_log OWNER TO vor_user;

--
-- Name: django_admin_log_id_seq; Type: SEQUENCE; Schema: public; Owner: vor_user
--

ALTER TABLE public.django_admin_log ALTER COLUMN id ADD GENERATED BY DEFAULT AS IDENTITY (
    SEQUENCE NAME public.django_admin_log_id_seq
    START WITH 1
    INCREMENT BY 1
    NO MINVALUE
    NO MAXVALUE
    CACHE 1
);


--
-- Name: django_content_type; Type: TABLE; Schema: public; Owner: vor_user
--

CREATE TABLE public.django_content_type (
    id integer NOT NULL,
    app_label character varying(100) NOT NULL,
    model character varying(100) NOT NULL
);


ALTER TABLE public.django_content_type OWNER TO vor_user;

--
-- Name: django_content_type_id_seq; Type: SEQUENCE; Schema: public; Owner: vor_user
--

ALTER TABLE public.django_content_type ALTER COLUMN id ADD GENERATED BY DEFAULT AS IDENTITY (
    SEQUENCE NAME public.django_content_type_id_seq
    START WITH 1
    INCREMENT BY 1
    NO MINVALUE
    NO MAXVALUE
    CACHE 1
);


--
-- Name: django_migrations; Type: TABLE; Schema: public; Owner: vor_user
--

CREATE TABLE public.django_migrations (
    id bigint NOT NULL,
    app character varying(255) NOT NULL,
    name character varying(255) NOT NULL,
    applied timestamp with time zone NOT NULL
);


ALTER TABLE public.django_migrations OWNER TO vor_user;

--
-- Name: django_migrations_id_seq; Type: SEQUENCE; Schema: public; Owner: vor_user
--

ALTER TABLE public.django_migrations ALTER COLUMN id ADD GENERATED BY DEFAULT AS IDENTITY (
    SEQUENCE NAME public.django_migrations_id_seq
    START WITH 1
    INCREMENT BY 1
    NO MINVALUE
    NO MAXVALUE
    CACHE 1
);


--
-- Name: django_session; Type: TABLE; Schema: public; Owner: vor_user
--

CREATE TABLE public.django_session (
    session_key character varying(40) NOT NULL,
    session_data text NOT NULL,
    expire_date timestamp with time zone NOT NULL
);


ALTER TABLE public.django_session OWNER TO vor_user;

--
-- Name: estimates_estimate; Type: TABLE; Schema: public; Owner: vor_user
--

CREATE TABLE public.estimates_estimate (
    id bigint NOT NULL,
    name character varying(255) NOT NULL,
    object_name character varying(255) NOT NULL,
    created_at timestamp with time zone NOT NULL,
    status character varying(20) NOT NULL
);


ALTER TABLE public.estimates_estimate OWNER TO vor_user;

--
-- Name: estimates_estimate_id_seq; Type: SEQUENCE; Schema: public; Owner: vor_user
--

ALTER TABLE public.estimates_estimate ALTER COLUMN id ADD GENERATED BY DEFAULT AS IDENTITY (
    SEQUENCE NAME public.estimates_estimate_id_seq
    START WITH 1
    INCREMENT BY 1
    NO MINVALUE
    NO MAXVALUE
    CACHE 1
);


--
-- Name: estimates_estimateitem; Type: TABLE; Schema: public; Owner: vor_user
--

CREATE TABLE public.estimates_estimateitem (
    id bigint NOT NULL,
    volume double precision NOT NULL,
    work_id bigint NOT NULL,
    section_work_type_id bigint NOT NULL
);


ALTER TABLE public.estimates_estimateitem OWNER TO vor_user;

--
-- Name: estimates_estimateitem_id_seq; Type: SEQUENCE; Schema: public; Owner: vor_user
--

ALTER TABLE public.estimates_estimateitem ALTER COLUMN id ADD GENERATED BY DEFAULT AS IDENTITY (
    SEQUENCE NAME public.estimates_estimateitem_id_seq
    START WITH 1
    INCREMENT BY 1
    NO MINVALUE
    NO MAXVALUE
    CACHE 1
);


--
-- Name: estimates_estimateitemresource; Type: TABLE; Schema: public; Owner: vor_user
--

CREATE TABLE public.estimates_estimateitemresource (
    id bigint NOT NULL,
    quantity double precision NOT NULL,
    estimate_item_id bigint NOT NULL,
    resource_id bigint NOT NULL
);


ALTER TABLE public.estimates_estimateitemresource OWNER TO vor_user;

--
-- Name: estimates_estimateitemresource_id_seq; Type: SEQUENCE; Schema: public; Owner: vor_user
--

ALTER TABLE public.estimates_estimateitemresource ALTER COLUMN id ADD GENERATED BY DEFAULT AS IDENTITY (
    SEQUENCE NAME public.estimates_estimateitemresource_id_seq
    START WITH 1
    INCREMENT BY 1
    NO MINVALUE
    NO MAXVALUE
    CACHE 1
);


--
-- Name: estimates_estimatesection; Type: TABLE; Schema: public; Owner: vor_user
--

CREATE TABLE public.estimates_estimatesection (
    id bigint NOT NULL,
    total_area double precision NOT NULL,
    estimate_id bigint NOT NULL,
    work_category_id bigint NOT NULL
);


ALTER TABLE public.estimates_estimatesection OWNER TO vor_user;

--
-- Name: estimates_estimatesection_id_seq; Type: SEQUENCE; Schema: public; Owner: vor_user
--

ALTER TABLE public.estimates_estimatesection ALTER COLUMN id ADD GENERATED BY DEFAULT AS IDENTITY (
    SEQUENCE NAME public.estimates_estimatesection_id_seq
    START WITH 1
    INCREMENT BY 1
    NO MINVALUE
    NO MAXVALUE
    CACHE 1
);


--
-- Name: estimates_estimatesectionworktype; Type: TABLE; Schema: public; Owner: vor_user
--

CREATE TABLE public.estimates_estimatesectionworktype (
    id bigint NOT NULL,
    percentage double precision NOT NULL,
    section_id bigint NOT NULL,
    work_type_id bigint NOT NULL
);


ALTER TABLE public.estimates_estimatesectionworktype OWNER TO vor_user;

--
-- Name: estimates_estimatesectionworktype_id_seq; Type: SEQUENCE; Schema: public; Owner: vor_user
--

ALTER TABLE public.estimates_estimatesectionworktype ALTER COLUMN id ADD GENERATED BY DEFAULT AS IDENTITY (
    SEQUENCE NAME public.estimates_estimatesectionworktype_id_seq
    START WITH 1
    INCREMENT BY 1
    NO MINVALUE
    NO MAXVALUE
    CACHE 1
);


--
-- Name: reference_resource; Type: TABLE; Schema: public; Owner: vor_user
--

CREATE TABLE public.reference_resource (
    id bigint NOT NULL,
    name character varying(255) NOT NULL,
    unit character varying(50) NOT NULL
);


ALTER TABLE public.reference_resource OWNER TO vor_user;

--
-- Name: reference_resource_id_seq; Type: SEQUENCE; Schema: public; Owner: vor_user
--

ALTER TABLE public.reference_resource ALTER COLUMN id ADD GENERATED BY DEFAULT AS IDENTITY (
    SEQUENCE NAME public.reference_resource_id_seq
    START WITH 1
    INCREMENT BY 1
    NO MINVALUE
    NO MAXVALUE
    CACHE 1
);


--
-- Name: reference_work; Type: TABLE; Schema: public; Owner: vor_user
--

CREATE TABLE public.reference_work (
    id bigint NOT NULL,
    name character varying(255) NOT NULL,
    unit character varying(50) NOT NULL
);


ALTER TABLE public.reference_work OWNER TO vor_user;

--
-- Name: reference_work_id_seq; Type: SEQUENCE; Schema: public; Owner: vor_user
--

ALTER TABLE public.reference_work ALTER COLUMN id ADD GENERATED BY DEFAULT AS IDENTITY (
    SEQUENCE NAME public.reference_work_id_seq
    START WITH 1
    INCREMENT BY 1
    NO MINVALUE
    NO MAXVALUE
    CACHE 1
);


--
-- Name: reference_workcategory; Type: TABLE; Schema: public; Owner: vor_user
--

CREATE TABLE public.reference_workcategory (
    id bigint NOT NULL,
    name character varying(255) NOT NULL
);


ALTER TABLE public.reference_workcategory OWNER TO vor_user;

--
-- Name: reference_workcategory_id_seq; Type: SEQUENCE; Schema: public; Owner: vor_user
--

ALTER TABLE public.reference_workcategory ALTER COLUMN id ADD GENERATED BY DEFAULT AS IDENTITY (
    SEQUENCE NAME public.reference_workcategory_id_seq
    START WITH 1
    INCREMENT BY 1
    NO MINVALUE
    NO MAXVALUE
    CACHE 1
);


--
-- Name: reference_workresource; Type: TABLE; Schema: public; Owner: vor_user
--

CREATE TABLE public.reference_workresource (
    id bigint NOT NULL,
    quantity_per_unit double precision NOT NULL,
    resource_id bigint NOT NULL,
    work_id bigint NOT NULL,
    work_type_id bigint NOT NULL
);


ALTER TABLE public.reference_workresource OWNER TO vor_user;

--
-- Name: reference_workresource_id_seq; Type: SEQUENCE; Schema: public; Owner: vor_user
--

ALTER TABLE public.reference_workresource ALTER COLUMN id ADD GENERATED BY DEFAULT AS IDENTITY (
    SEQUENCE NAME public.reference_workresource_id_seq
    START WITH 1
    INCREMENT BY 1
    NO MINVALUE
    NO MAXVALUE
    CACHE 1
);


--
-- Name: reference_worktype; Type: TABLE; Schema: public; Owner: vor_user
--

CREATE TABLE public.reference_worktype (
    id bigint NOT NULL,
    name character varying(255) NOT NULL,
    category_id bigint NOT NULL
);


ALTER TABLE public.reference_worktype OWNER TO vor_user;

--
-- Name: reference_worktype_id_seq; Type: SEQUENCE; Schema: public; Owner: vor_user
--

ALTER TABLE public.reference_worktype ALTER COLUMN id ADD GENERATED BY DEFAULT AS IDENTITY (
    SEQUENCE NAME public.reference_worktype_id_seq
    START WITH 1
    INCREMENT BY 1
    NO MINVALUE
    NO MAXVALUE
    CACHE 1
);


--
-- Name: reference_worktypework; Type: TABLE; Schema: public; Owner: vor_user
--

CREATE TABLE public.reference_worktypework (
    id bigint NOT NULL,
    order_index integer NOT NULL,
    work_volume_per_unit double precision NOT NULL,
    work_id bigint NOT NULL,
    work_type_id bigint NOT NULL
);


ALTER TABLE public.reference_worktypework OWNER TO vor_user;

--
-- Name: reference_worktypework_id_seq; Type: SEQUENCE; Schema: public; Owner: vor_user
--

ALTER TABLE public.reference_worktypework ALTER COLUMN id ADD GENERATED BY DEFAULT AS IDENTITY (
    SEQUENCE NAME public.reference_worktypework_id_seq
    START WITH 1
    INCREMENT BY 1
    NO MINVALUE
    NO MAXVALUE
    CACHE 1
);


--
-- Data for Name: auth_group; Type: TABLE DATA; Schema: public; Owner: vor_user
--

COPY public.auth_group (id, name) FROM stdin;
\.


--
-- Data for Name: auth_group_permissions; Type: TABLE DATA; Schema: public; Owner: vor_user
--

COPY public.auth_group_permissions (id, group_id, permission_id) FROM stdin;
\.


--
-- Data for Name: auth_permission; Type: TABLE DATA; Schema: public; Owner: vor_user
--

COPY public.auth_permission (id, name, content_type_id, codename) FROM stdin;
1	Can add log entry	1	add_logentry
2	Can change log entry	1	change_logentry
3	Can delete log entry	1	delete_logentry
4	Can view log entry	1	view_logentry
5	Can add permission	2	add_permission
6	Can change permission	2	change_permission
7	Can delete permission	2	delete_permission
8	Can view permission	2	view_permission
9	Can add group	3	add_group
10	Can change group	3	change_group
11	Can delete group	3	delete_group
12	Can view group	3	view_group
13	Can add user	4	add_user
14	Can change user	4	change_user
15	Can delete user	4	delete_user
16	Can view user	4	view_user
17	Can add content type	5	add_contenttype
18	Can change content type	5	change_contenttype
19	Can delete content type	5	delete_contenttype
20	Can view content type	5	view_contenttype
21	Can add session	6	add_session
22	Can change session	6	change_session
23	Can delete session	6	delete_session
24	Can view session	6	view_session
25	Can add Ресурс	7	add_resource
26	Can change Ресурс	7	change_resource
27	Can delete Ресурс	7	delete_resource
28	Can view Ресурс	7	view_resource
29	Can add Работа	8	add_work
30	Can change Работа	8	change_work
31	Can delete Работа	8	delete_work
32	Can view Работа	8	view_work
33	Can add Вид работ	9	add_workcategory
34	Can change Вид работ	9	change_workcategory
35	Can delete Вид работ	9	delete_workcategory
36	Can view Вид работ	9	view_workcategory
37	Can add Тип работ	10	add_worktype
38	Can change Тип работ	10	change_worktype
39	Can delete Тип работ	10	delete_worktype
40	Can view Тип работ	10	view_worktype
41	Can add Ресурс работы	11	add_workresource
42	Can change Ресурс работы	11	change_workresource
43	Can delete Ресурс работы	11	delete_workresource
44	Can view Ресурс работы	11	view_workresource
45	Can add Работа в типе работ	12	add_worktypework
46	Can change Работа в типе работ	12	change_worktypework
47	Can delete Работа в типе работ	12	delete_worktypework
48	Can view Работа в типе работ	12	view_worktypework
49	Can add ВОР	13	add_estimate
50	Can change ВОР	13	change_estimate
51	Can delete ВОР	13	delete_estimate
52	Can view ВОР	13	view_estimate
53	Can add Раздел ВОР	14	add_estimatesection
54	Can change Раздел ВОР	14	change_estimatesection
55	Can delete Раздел ВОР	14	delete_estimatesection
56	Can view Раздел ВОР	14	view_estimatesection
57	Can add Тип работ в разделе	15	add_estimatesectionworktype
58	Can change Тип работ в разделе	15	change_estimatesectionworktype
59	Can delete Тип работ в разделе	15	delete_estimatesectionworktype
60	Can view Тип работ в разделе	15	view_estimatesectionworktype
61	Can add Работа в ВОР	16	add_estimateitem
62	Can change Работа в ВОР	16	change_estimateitem
63	Can delete Работа в ВОР	16	delete_estimateitem
64	Can view Работа в ВОР	16	view_estimateitem
65	Can add Ресурс работы в ВОР	17	add_estimateitemresource
66	Can change Ресурс работы в ВОР	17	change_estimateitemresource
67	Can delete Ресурс работы в ВОР	17	delete_estimateitemresource
68	Can view Ресурс работы в ВОР	17	view_estimateitemresource
69	Can add Token	18	add_token
70	Can change Token	18	change_token
71	Can delete Token	18	delete_token
72	Can view Token	18	view_token
73	Can add Token	19	add_tokenproxy
74	Can change Token	19	change_tokenproxy
75	Can delete Token	19	delete_tokenproxy
76	Can view Token	19	view_tokenproxy
\.


--
-- Data for Name: auth_user; Type: TABLE DATA; Schema: public; Owner: vor_user
--

COPY public.auth_user (id, password, last_login, is_superuser, username, first_name, last_name, email, is_staff, is_active, date_joined) FROM stdin;
1	pbkdf2_sha256$1000000$yDdoUFL9sddn0lmiXaawFe$CJE9Cof/TVve682h0IeUxLI/lWTOM+kJisfIOs6QMZE=	2025-12-27 07:42:09.723244+00	t	admin			admin@gmail.com	t	t	2025-12-25 15:16:02.049297+00
\.


--
-- Data for Name: auth_user_groups; Type: TABLE DATA; Schema: public; Owner: vor_user
--

COPY public.auth_user_groups (id, user_id, group_id) FROM stdin;
\.


--
-- Data for Name: auth_user_user_permissions; Type: TABLE DATA; Schema: public; Owner: vor_user
--

COPY public.auth_user_user_permissions (id, user_id, permission_id) FROM stdin;
\.


--
-- Data for Name: authtoken_token; Type: TABLE DATA; Schema: public; Owner: vor_user
--

COPY public.authtoken_token (key, created, user_id) FROM stdin;
281ffa76936d4d230b0567431060516bfba2545d	2025-12-26 06:42:49.231918+00	1
\.


--
-- Data for Name: django_admin_log; Type: TABLE DATA; Schema: public; Owner: vor_user
--

COPY public.django_admin_log (id, action_time, object_id, object_repr, action_flag, change_message, content_type_id, user_id) FROM stdin;
1	2025-12-26 06:42:49.234552+00	1	281ffa76936d4d230b0567431060516bfba2545d	1	[{"added": {}}]	19	1
2	2025-12-26 09:14:08.864216+00	1	Песок (м3)	1	[{"added": {}}]	7	1
3	2025-12-26 09:14:16.403836+00	2	ПЭ пленка (м2)	1	[{"added": {}}]	7	1
4	2025-12-26 09:14:22.779866+00	3	Пеноплект 45 (м3)	1	[{"added": {}}]	7	1
5	2025-12-26 09:14:29.16451+00	4	Арм.сетки 4 мм (яч. 100х100 мм) (кг)	1	[{"added": {}}]	7	1
6	2025-12-26 09:14:36.509008+00	5	Смеси сухие цементно-песчаные монтажно-кладочные, крупность заполнителя не более 3,5 мм, класс В15 (М200), F100 (кг)	1	[{"added": {}}]	7	1
7	2025-12-26 09:14:46.408223+00	6	фиброволокно (кг)	1	[{"added": {}}]	7	1
8	2025-12-26 09:14:51.761383+00	7	Грунтовка церезит СТ17 (кг)	1	[{"added": {}}]	7	1
9	2025-12-26 09:15:01.312973+00	8	Сухая смесь наливного пола (кг)	1	[{"added": {}}]	7	1
10	2025-12-26 09:15:06.999692+00	9	Грунтовка церезит СТ17 (кг)	1	[{"added": {}}]	7	1
11	2025-12-26 09:15:15.600185+00	10	Линолеум спортивный (м2)	1	[{"added": {}}]	7	1
12	2025-12-26 09:15:32.74289+00	11	Линолеум комерческий (м2)	1	[{"added": {}}]	7	1
13	2025-12-26 09:15:40.977391+00	12	Линолеум сценический (м2)	1	[{"added": {}}]	7	1
14	2025-12-26 09:15:51.229481+00	13	Керамогранит 600*600 мм (м2)	1	[{"added": {}}]	7	1
15	2025-12-26 09:16:00.298225+00	14	Клей плиточный (кг)	1	[{"added": {}}]	7	1
16	2025-12-26 09:16:07.004985+00	15	Затирка (кг)	1	[{"added": {}}]	7	1
17	2025-12-26 09:16:13.402599+00	16	Грунтовка церезит СТ17 (кг)	1	[{"added": {}}]	7	1
18	2025-12-26 09:16:20.757926+00	17	Крестики (шт)	1	[{"added": {}}]	7	1
19	2025-12-26 09:16:30.211323+00	18	Ковролин (м2)	1	[{"added": {}}]	7	1
20	2025-12-26 09:17:28.988713+00	19	Плинтус ПВХ комерческий (п.м.)	1	[{"added": {}}]	7	1
21	2025-12-26 09:17:37.0937+00	20	Клей плиточный (т.н.)	1	[{"added": {}}]	7	1
22	2025-12-26 09:17:41.933739+00	21	Плитки керамогранитные (м2)	1	[{"added": {}}]	7	1
23	2025-12-26 09:17:50.051896+00	22	Затирка цветная на цементной основе (т.н.)	1	[{"added": {}}]	7	1
24	2025-12-26 09:18:14.674363+00	1	Устройство плинтусов: из плиток керамогранитных (сопожек) (м2)	1	[{"added": {}}]	8	1
25	2025-12-26 09:18:22.519626+00	2	Устройство плинтусов ПВХ (п.м.)	1	[{"added": {}}]	8	1
26	2025-12-26 09:18:33.301696+00	3	Устройство песчаного основания пола H=100 (м2)	1	[{"added": {}}]	8	1
27	2025-12-26 09:18:38.678756+00	4	Устройство ПЭ пленки (м2)	1	[{"added": {}}]	8	1
28	2025-12-26 09:18:44.795431+00	5	Устройство горизонтальной укладки теплоизоляции 50 мм по полу (м2)	1	[{"added": {}}]	8	1
29	2025-12-26 09:18:53.513374+00	6	Армирование стяжки (м2)	1	[{"added": {}}]	8	1
30	2025-12-26 09:18:58.511095+00	7	Устройство стяжки h=100 м (м2)	1	[{"added": {}}]	8	1
31	2025-12-26 09:19:05.827019+00	8	Приготовление тяжелых кладочных растворов: цементных марки 200 (т.н.)	1	[{"added": {}}]	8	1
32	2025-12-26 09:19:14.609343+00	9	Прозерка деформационных швов в стяжке и заполнением герметиком (п.м.)	1	[{"added": {}}]	8	1
33	2025-12-26 09:19:19.621864+00	10	Грунтование пола перед устройством наливного пола (м2)	1	[{"added": {}}]	8	1
34	2025-12-26 09:19:26.651387+00	11	Устройство наливного пола 5 мм перед спорт.линол. (м2)	1	[{"added": {}}]	8	1
35	2025-12-26 09:19:36.069768+00	12	Грунтование пола перед устройством спортивного линолеума (м2)	1	[{"added": {}}]	8	1
36	2025-12-26 09:20:04.912827+00	13	Устройство спортивного линолеума на клей КМ1 (м2)	1	[{"added": {}}]	8	1
37	2025-12-26 09:21:09.697507+00	14	Устройство коммерческого линолеума на клей КМ1 (м2)	1	[{"added": {}}]	8	1
38	2025-12-26 09:21:24.384674+00	15	Грунтование пола перед устройством коммерческого линолеума (м2)	1	[{"added": {}}]	8	1
39	2025-12-26 09:21:37.803009+00	16	Грунтование пола перед устройством сценического линолеума (м2)	1	[{"added": {}}]	8	1
40	2025-12-26 09:21:43.243203+00	17	Устройство сценического линолеума на клей КМ1 (м2)	1	[{"added": {}}]	8	1
41	2025-12-26 09:21:52.797916+00	18	Устройство покрытий из плит керамогранитных размером: 60х60 см (м2)	1	[{"added": {}}]	8	1
42	2025-12-26 09:22:00.624367+00	19	Грунтование пола перед устройством ковроллина (м2)	1	[{"added": {}}]	8	1
43	2025-12-26 09:22:06.762539+00	20	Устройство ковроллина на клей КМ2 (м2)	1	[{"added": {}}]	8	1
44	2025-12-26 09:22:26.821289+00	7	Грунтовка церезит СТ17 (кг)	3		7	1
45	2025-12-26 09:22:35.049371+00	16	Грунтовка церезит СТ17 (кг)	3		7	1
46	2025-12-26 09:22:46.959723+00	14	Клей плиточный (кг)	3		7	1
47	2025-12-26 09:23:23.339456+00	1	Полы	1	[{"added": {}}]	9	1
48	2025-12-26 09:23:31.918232+00	2	Плинтус	1	[{"added": {}}]	9	1
49	2025-12-26 09:28:49.569917+00	1	Полы - Линолеум спортивный	1	[{"added": {}}, {"added": {"name": "\\u0420\\u0430\\u0431\\u043e\\u0442\\u0430 \\u0432 \\u0442\\u0438\\u043f\\u0435 \\u0440\\u0430\\u0431\\u043e\\u0442", "object": "\\u041b\\u0438\\u043d\\u043e\\u043b\\u0435\\u0443\\u043c \\u0441\\u043f\\u043e\\u0440\\u0442\\u0438\\u0432\\u043d\\u044b\\u0439 - \\u0423\\u0441\\u0442\\u0440\\u043e\\u0439\\u0441\\u0442\\u0432\\u043e \\u043f\\u0435\\u0441\\u0447\\u0430\\u043d\\u043e\\u0433\\u043e \\u043e\\u0441\\u043d\\u043e\\u0432\\u0430\\u043d\\u0438\\u044f \\u043f\\u043e\\u043b\\u0430 H=100 (1.0 \\u043c2)"}}, {"added": {"name": "\\u0420\\u0430\\u0431\\u043e\\u0442\\u0430 \\u0432 \\u0442\\u0438\\u043f\\u0435 \\u0440\\u0430\\u0431\\u043e\\u0442", "object": "\\u041b\\u0438\\u043d\\u043e\\u043b\\u0435\\u0443\\u043c \\u0441\\u043f\\u043e\\u0440\\u0442\\u0438\\u0432\\u043d\\u044b\\u0439 - \\u0423\\u0441\\u0442\\u0440\\u043e\\u0439\\u0441\\u0442\\u0432\\u043e \\u041f\\u042d \\u043f\\u043b\\u0435\\u043d\\u043a\\u0438 (1.0 \\u043c2)"}}, {"added": {"name": "\\u0420\\u0430\\u0431\\u043e\\u0442\\u0430 \\u0432 \\u0442\\u0438\\u043f\\u0435 \\u0440\\u0430\\u0431\\u043e\\u0442", "object": "\\u041b\\u0438\\u043d\\u043e\\u043b\\u0435\\u0443\\u043c \\u0441\\u043f\\u043e\\u0440\\u0442\\u0438\\u0432\\u043d\\u044b\\u0439 - \\u0423\\u0441\\u0442\\u0440\\u043e\\u0439\\u0441\\u0442\\u0432\\u043e \\u0433\\u043e\\u0440\\u0438\\u0437\\u043e\\u043d\\u0442\\u0430\\u043b\\u044c\\u043d\\u043e\\u0439 \\u0443\\u043a\\u043b\\u0430\\u0434\\u043a\\u0438 \\u0442\\u0435\\u043f\\u043b\\u043e\\u0438\\u0437\\u043e\\u043b\\u044f\\u0446\\u0438\\u0438 50 \\u043c\\u043c \\u043f\\u043e \\u043f\\u043e\\u043b\\u0443 (1.0 \\u043c2)"}}, {"added": {"name": "\\u0420\\u0430\\u0431\\u043e\\u0442\\u0430 \\u0432 \\u0442\\u0438\\u043f\\u0435 \\u0440\\u0430\\u0431\\u043e\\u0442", "object": "\\u041b\\u0438\\u043d\\u043e\\u043b\\u0435\\u0443\\u043c \\u0441\\u043f\\u043e\\u0440\\u0442\\u0438\\u0432\\u043d\\u044b\\u0439 - \\u0410\\u0440\\u043c\\u0438\\u0440\\u043e\\u0432\\u0430\\u043d\\u0438\\u0435 \\u0441\\u0442\\u044f\\u0436\\u043a\\u0438 (1.0 \\u043c2)"}}, {"added": {"name": "\\u0420\\u0430\\u0431\\u043e\\u0442\\u0430 \\u0432 \\u0442\\u0438\\u043f\\u0435 \\u0440\\u0430\\u0431\\u043e\\u0442", "object": "\\u041b\\u0438\\u043d\\u043e\\u043b\\u0435\\u0443\\u043c \\u0441\\u043f\\u043e\\u0440\\u0442\\u0438\\u0432\\u043d\\u044b\\u0439 - \\u0423\\u0441\\u0442\\u0440\\u043e\\u0439\\u0441\\u0442\\u0432\\u043e \\u0441\\u0442\\u044f\\u0436\\u043a\\u0438 h=100 \\u043c (1.0 \\u043c2)"}}, {"added": {"name": "\\u0420\\u0430\\u0431\\u043e\\u0442\\u0430 \\u0432 \\u0442\\u0438\\u043f\\u0435 \\u0440\\u0430\\u0431\\u043e\\u0442", "object": "\\u041b\\u0438\\u043d\\u043e\\u043b\\u0435\\u0443\\u043c \\u0441\\u043f\\u043e\\u0440\\u0442\\u0438\\u0432\\u043d\\u044b\\u0439 - \\u041f\\u0440\\u0438\\u0433\\u043e\\u0442\\u043e\\u0432\\u043b\\u0435\\u043d\\u0438\\u0435 \\u0442\\u044f\\u0436\\u0435\\u043b\\u044b\\u0445 \\u043a\\u043b\\u0430\\u0434\\u043e\\u0447\\u043d\\u044b\\u0445 \\u0440\\u0430\\u0441\\u0442\\u0432\\u043e\\u0440\\u043e\\u0432: \\u0446\\u0435\\u043c\\u0435\\u043d\\u0442\\u043d\\u044b\\u0445 \\u043c\\u0430\\u0440\\u043a\\u0438 200 (0.0 \\u0442.\\u043d.)"}}, {"added": {"name": "\\u0420\\u0430\\u0431\\u043e\\u0442\\u0430 \\u0432 \\u0442\\u0438\\u043f\\u0435 \\u0440\\u0430\\u0431\\u043e\\u0442", "object": "\\u041b\\u0438\\u043d\\u043e\\u043b\\u0435\\u0443\\u043c \\u0441\\u043f\\u043e\\u0440\\u0442\\u0438\\u0432\\u043d\\u044b\\u0439 - \\u041f\\u0440\\u043e\\u0437\\u0435\\u0440\\u043a\\u0430 \\u0434\\u0435\\u0444\\u043e\\u0440\\u043c\\u0430\\u0446\\u0438\\u043e\\u043d\\u043d\\u044b\\u0445 \\u0448\\u0432\\u043e\\u0432 \\u0432 \\u0441\\u0442\\u044f\\u0436\\u043a\\u0435 \\u0438 \\u0437\\u0430\\u043f\\u043e\\u043b\\u043d\\u0435\\u043d\\u0438\\u0435\\u043c \\u0433\\u0435\\u0440\\u043c\\u0435\\u0442\\u0438\\u043a\\u043e\\u043c (0.01 \\u043f.\\u043c.)"}}, {"added": {"name": "\\u0420\\u0430\\u0431\\u043e\\u0442\\u0430 \\u0432 \\u0442\\u0438\\u043f\\u0435 \\u0440\\u0430\\u0431\\u043e\\u0442", "object": "\\u041b\\u0438\\u043d\\u043e\\u043b\\u0435\\u0443\\u043c \\u0441\\u043f\\u043e\\u0440\\u0442\\u0438\\u0432\\u043d\\u044b\\u0439 - \\u0413\\u0440\\u0443\\u043d\\u0442\\u043e\\u0432\\u0430\\u043d\\u0438\\u0435 \\u043f\\u043e\\u043b\\u0430 \\u043f\\u0435\\u0440\\u0435\\u0434 \\u0443\\u0441\\u0442\\u0440\\u043e\\u0439\\u0441\\u0442\\u0432\\u043e\\u043c \\u043d\\u0430\\u043b\\u0438\\u0432\\u043d\\u043e\\u0433\\u043e \\u043f\\u043e\\u043b\\u0430 (1.0 \\u043c2)"}}, {"added": {"name": "\\u0420\\u0430\\u0431\\u043e\\u0442\\u0430 \\u0432 \\u0442\\u0438\\u043f\\u0435 \\u0440\\u0430\\u0431\\u043e\\u0442", "object": "\\u041b\\u0438\\u043d\\u043e\\u043b\\u0435\\u0443\\u043c \\u0441\\u043f\\u043e\\u0440\\u0442\\u0438\\u0432\\u043d\\u044b\\u0439 - \\u0423\\u0441\\u0442\\u0440\\u043e\\u0439\\u0441\\u0442\\u0432\\u043e \\u043d\\u0430\\u043b\\u0438\\u0432\\u043d\\u043e\\u0433\\u043e \\u043f\\u043e\\u043b\\u0430 5 \\u043c\\u043c \\u043f\\u0435\\u0440\\u0435\\u0434 \\u0441\\u043f\\u043e\\u0440\\u0442.\\u043b\\u0438\\u043d\\u043e\\u043b. (1.0 \\u043c2)"}}, {"added": {"name": "\\u0420\\u0430\\u0431\\u043e\\u0442\\u0430 \\u0432 \\u0442\\u0438\\u043f\\u0435 \\u0440\\u0430\\u0431\\u043e\\u0442", "object": "\\u041b\\u0438\\u043d\\u043e\\u043b\\u0435\\u0443\\u043c \\u0441\\u043f\\u043e\\u0440\\u0442\\u0438\\u0432\\u043d\\u044b\\u0439 - \\u0413\\u0440\\u0443\\u043d\\u0442\\u043e\\u0432\\u0430\\u043d\\u0438\\u0435 \\u043f\\u043e\\u043b\\u0430 \\u043f\\u0435\\u0440\\u0435\\u0434 \\u0443\\u0441\\u0442\\u0440\\u043e\\u0439\\u0441\\u0442\\u0432\\u043e\\u043c \\u0441\\u043f\\u043e\\u0440\\u0442\\u0438\\u0432\\u043d\\u043e\\u0433\\u043e \\u043b\\u0438\\u043d\\u043e\\u043b\\u0435\\u0443\\u043c\\u0430 (1.0 \\u043c2)"}}, {"added": {"name": "\\u0420\\u0430\\u0431\\u043e\\u0442\\u0430 \\u0432 \\u0442\\u0438\\u043f\\u0435 \\u0440\\u0430\\u0431\\u043e\\u0442", "object": "\\u041b\\u0438\\u043d\\u043e\\u043b\\u0435\\u0443\\u043c \\u0441\\u043f\\u043e\\u0440\\u0442\\u0438\\u0432\\u043d\\u044b\\u0439 - \\u0423\\u0441\\u0442\\u0440\\u043e\\u0439\\u0441\\u0442\\u0432\\u043e \\u0441\\u043f\\u043e\\u0440\\u0442\\u0438\\u0432\\u043d\\u043e\\u0433\\u043e \\u043b\\u0438\\u043d\\u043e\\u043b\\u0435\\u0443\\u043c\\u0430 \\u043d\\u0430 \\u043a\\u043b\\u0435\\u0439 \\u041a\\u041c1 (1.0 \\u043c2)"}}]	10	1
71	2025-12-26 10:55:21.041833+00	16	Линолеум комерческий - Устройство стяжки h=100 м - фиброволокно (0.0)	1	[{"added": {}}]	11	1
72	2025-12-26 10:55:56.34806+00	17	Линолеум комерческий - Грунтование пола перед устройством наливного пола - Грунтовка церезит СТ17 (0.2)	1	[{"added": {}}]	11	1
50	2025-12-26 09:32:36.330276+00	2	Полы - Линолеум комерческий	1	[{"added": {}}, {"added": {"name": "\\u0420\\u0430\\u0431\\u043e\\u0442\\u0430 \\u0432 \\u0442\\u0438\\u043f\\u0435 \\u0440\\u0430\\u0431\\u043e\\u0442", "object": "\\u041b\\u0438\\u043d\\u043e\\u043b\\u0435\\u0443\\u043c \\u043a\\u043e\\u043c\\u0435\\u0440\\u0447\\u0435\\u0441\\u043a\\u0438\\u0439 - \\u0423\\u0441\\u0442\\u0440\\u043e\\u0439\\u0441\\u0442\\u0432\\u043e \\u043f\\u0435\\u0441\\u0447\\u0430\\u043d\\u043e\\u0433\\u043e \\u043e\\u0441\\u043d\\u043e\\u0432\\u0430\\u043d\\u0438\\u044f \\u043f\\u043e\\u043b\\u0430 H=100 (1.0 \\u043c2)"}}, {"added": {"name": "\\u0420\\u0430\\u0431\\u043e\\u0442\\u0430 \\u0432 \\u0442\\u0438\\u043f\\u0435 \\u0440\\u0430\\u0431\\u043e\\u0442", "object": "\\u041b\\u0438\\u043d\\u043e\\u043b\\u0435\\u0443\\u043c \\u043a\\u043e\\u043c\\u0435\\u0440\\u0447\\u0435\\u0441\\u043a\\u0438\\u0439 - \\u0423\\u0441\\u0442\\u0440\\u043e\\u0439\\u0441\\u0442\\u0432\\u043e \\u041f\\u042d \\u043f\\u043b\\u0435\\u043d\\u043a\\u0438 (1.0 \\u043c2)"}}, {"added": {"name": "\\u0420\\u0430\\u0431\\u043e\\u0442\\u0430 \\u0432 \\u0442\\u0438\\u043f\\u0435 \\u0440\\u0430\\u0431\\u043e\\u0442", "object": "\\u041b\\u0438\\u043d\\u043e\\u043b\\u0435\\u0443\\u043c \\u043a\\u043e\\u043c\\u0435\\u0440\\u0447\\u0435\\u0441\\u043a\\u0438\\u0439 - \\u0423\\u0441\\u0442\\u0440\\u043e\\u0439\\u0441\\u0442\\u0432\\u043e \\u0433\\u043e\\u0440\\u0438\\u0437\\u043e\\u043d\\u0442\\u0430\\u043b\\u044c\\u043d\\u043e\\u0439 \\u0443\\u043a\\u043b\\u0430\\u0434\\u043a\\u0438 \\u0442\\u0435\\u043f\\u043b\\u043e\\u0438\\u0437\\u043e\\u043b\\u044f\\u0446\\u0438\\u0438 50 \\u043c\\u043c \\u043f\\u043e \\u043f\\u043e\\u043b\\u0443 (1.0 \\u043c2)"}}, {"added": {"name": "\\u0420\\u0430\\u0431\\u043e\\u0442\\u0430 \\u0432 \\u0442\\u0438\\u043f\\u0435 \\u0440\\u0430\\u0431\\u043e\\u0442", "object": "\\u041b\\u0438\\u043d\\u043e\\u043b\\u0435\\u0443\\u043c \\u043a\\u043e\\u043c\\u0435\\u0440\\u0447\\u0435\\u0441\\u043a\\u0438\\u0439 - \\u0410\\u0440\\u043c\\u0438\\u0440\\u043e\\u0432\\u0430\\u043d\\u0438\\u0435 \\u0441\\u0442\\u044f\\u0436\\u043a\\u0438 (1.0 \\u043c2)"}}, {"added": {"name": "\\u0420\\u0430\\u0431\\u043e\\u0442\\u0430 \\u0432 \\u0442\\u0438\\u043f\\u0435 \\u0440\\u0430\\u0431\\u043e\\u0442", "object": "\\u041b\\u0438\\u043d\\u043e\\u043b\\u0435\\u0443\\u043c \\u043a\\u043e\\u043c\\u0435\\u0440\\u0447\\u0435\\u0441\\u043a\\u0438\\u0439 - \\u0423\\u0441\\u0442\\u0440\\u043e\\u0439\\u0441\\u0442\\u0432\\u043e \\u0441\\u0442\\u044f\\u0436\\u043a\\u0438 h=100 \\u043c (1.0 \\u043c2)"}}, {"added": {"name": "\\u0420\\u0430\\u0431\\u043e\\u0442\\u0430 \\u0432 \\u0442\\u0438\\u043f\\u0435 \\u0440\\u0430\\u0431\\u043e\\u0442", "object": "\\u041b\\u0438\\u043d\\u043e\\u043b\\u0435\\u0443\\u043c \\u043a\\u043e\\u043c\\u0435\\u0440\\u0447\\u0435\\u0441\\u043a\\u0438\\u0439 - \\u041f\\u0440\\u0438\\u0433\\u043e\\u0442\\u043e\\u0432\\u043b\\u0435\\u043d\\u0438\\u0435 \\u0442\\u044f\\u0436\\u0435\\u043b\\u044b\\u0445 \\u043a\\u043b\\u0430\\u0434\\u043e\\u0447\\u043d\\u044b\\u0445 \\u0440\\u0430\\u0441\\u0442\\u0432\\u043e\\u0440\\u043e\\u0432: \\u0446\\u0435\\u043c\\u0435\\u043d\\u0442\\u043d\\u044b\\u0445 \\u043c\\u0430\\u0440\\u043a\\u0438 200 (0.0 \\u0442.\\u043d.)"}}, {"added": {"name": "\\u0420\\u0430\\u0431\\u043e\\u0442\\u0430 \\u0432 \\u0442\\u0438\\u043f\\u0435 \\u0440\\u0430\\u0431\\u043e\\u0442", "object": "\\u041b\\u0438\\u043d\\u043e\\u043b\\u0435\\u0443\\u043c \\u043a\\u043e\\u043c\\u0435\\u0440\\u0447\\u0435\\u0441\\u043a\\u0438\\u0439 - \\u041f\\u0440\\u043e\\u0437\\u0435\\u0440\\u043a\\u0430 \\u0434\\u0435\\u0444\\u043e\\u0440\\u043c\\u0430\\u0446\\u0438\\u043e\\u043d\\u043d\\u044b\\u0445 \\u0448\\u0432\\u043e\\u0432 \\u0432 \\u0441\\u0442\\u044f\\u0436\\u043a\\u0435 \\u0438 \\u0437\\u0430\\u043f\\u043e\\u043b\\u043d\\u0435\\u043d\\u0438\\u0435\\u043c \\u0433\\u0435\\u0440\\u043c\\u0435\\u0442\\u0438\\u043a\\u043e\\u043c (0.01 \\u043f.\\u043c.)"}}, {"added": {"name": "\\u0420\\u0430\\u0431\\u043e\\u0442\\u0430 \\u0432 \\u0442\\u0438\\u043f\\u0435 \\u0440\\u0430\\u0431\\u043e\\u0442", "object": "\\u041b\\u0438\\u043d\\u043e\\u043b\\u0435\\u0443\\u043c \\u043a\\u043e\\u043c\\u0435\\u0440\\u0447\\u0435\\u0441\\u043a\\u0438\\u0439 - \\u0413\\u0440\\u0443\\u043d\\u0442\\u043e\\u0432\\u0430\\u043d\\u0438\\u0435 \\u043f\\u043e\\u043b\\u0430 \\u043f\\u0435\\u0440\\u0435\\u0434 \\u0443\\u0441\\u0442\\u0440\\u043e\\u0439\\u0441\\u0442\\u0432\\u043e\\u043c \\u043d\\u0430\\u043b\\u0438\\u0432\\u043d\\u043e\\u0433\\u043e \\u043f\\u043e\\u043b\\u0430 (1.0 \\u043c2)"}}, {"added": {"name": "\\u0420\\u0430\\u0431\\u043e\\u0442\\u0430 \\u0432 \\u0442\\u0438\\u043f\\u0435 \\u0440\\u0430\\u0431\\u043e\\u0442", "object": "\\u041b\\u0438\\u043d\\u043e\\u043b\\u0435\\u0443\\u043c \\u043a\\u043e\\u043c\\u0435\\u0440\\u0447\\u0435\\u0441\\u043a\\u0438\\u0439 - \\u0423\\u0441\\u0442\\u0440\\u043e\\u0439\\u0441\\u0442\\u0432\\u043e \\u043d\\u0430\\u043b\\u0438\\u0432\\u043d\\u043e\\u0433\\u043e \\u043f\\u043e\\u043b\\u0430 5 \\u043c\\u043c \\u043f\\u0435\\u0440\\u0435\\u0434 \\u0441\\u043f\\u043e\\u0440\\u0442.\\u043b\\u0438\\u043d\\u043e\\u043b. (1.0 \\u043c2)"}}, {"added": {"name": "\\u0420\\u0430\\u0431\\u043e\\u0442\\u0430 \\u0432 \\u0442\\u0438\\u043f\\u0435 \\u0440\\u0430\\u0431\\u043e\\u0442", "object": "\\u041b\\u0438\\u043d\\u043e\\u043b\\u0435\\u0443\\u043c \\u043a\\u043e\\u043c\\u0435\\u0440\\u0447\\u0435\\u0441\\u043a\\u0438\\u0439 - \\u0413\\u0440\\u0443\\u043d\\u0442\\u043e\\u0432\\u0430\\u043d\\u0438\\u0435 \\u043f\\u043e\\u043b\\u0430 \\u043f\\u0435\\u0440\\u0435\\u0434 \\u0443\\u0441\\u0442\\u0440\\u043e\\u0439\\u0441\\u0442\\u0432\\u043e\\u043c \\u043a\\u043e\\u043c\\u043c\\u0435\\u0440\\u0447\\u0435\\u0441\\u043a\\u043e\\u0433\\u043e \\u043b\\u0438\\u043d\\u043e\\u043b\\u0435\\u0443\\u043c\\u0430 (1.0 \\u043c2)"}}, {"added": {"name": "\\u0420\\u0430\\u0431\\u043e\\u0442\\u0430 \\u0432 \\u0442\\u0438\\u043f\\u0435 \\u0440\\u0430\\u0431\\u043e\\u0442", "object": "\\u041b\\u0438\\u043d\\u043e\\u043b\\u0435\\u0443\\u043c \\u043a\\u043e\\u043c\\u0435\\u0440\\u0447\\u0435\\u0441\\u043a\\u0438\\u0439 - \\u0423\\u0441\\u0442\\u0440\\u043e\\u0439\\u0441\\u0442\\u0432\\u043e \\u043a\\u043e\\u043c\\u043c\\u0435\\u0440\\u0447\\u0435\\u0441\\u043a\\u043e\\u0433\\u043e \\u043b\\u0438\\u043d\\u043e\\u043b\\u0435\\u0443\\u043c\\u0430 \\u043d\\u0430 \\u043a\\u043b\\u0435\\u0439 \\u041a\\u041c1 (1.0 \\u043c2)"}}]	10	1
51	2025-12-26 09:35:10.264224+00	3	Полы - Линолеум сценический	1	[{"added": {}}, {"added": {"name": "\\u0420\\u0430\\u0431\\u043e\\u0442\\u0430 \\u0432 \\u0442\\u0438\\u043f\\u0435 \\u0440\\u0430\\u0431\\u043e\\u0442", "object": "\\u041b\\u0438\\u043d\\u043e\\u043b\\u0435\\u0443\\u043c \\u0441\\u0446\\u0435\\u043d\\u0438\\u0447\\u0435\\u0441\\u043a\\u0438\\u0439 - \\u0423\\u0441\\u0442\\u0440\\u043e\\u0439\\u0441\\u0442\\u0432\\u043e \\u043f\\u0435\\u0441\\u0447\\u0430\\u043d\\u043e\\u0433\\u043e \\u043e\\u0441\\u043d\\u043e\\u0432\\u0430\\u043d\\u0438\\u044f \\u043f\\u043e\\u043b\\u0430 H=100 (1.0 \\u043c2)"}}, {"added": {"name": "\\u0420\\u0430\\u0431\\u043e\\u0442\\u0430 \\u0432 \\u0442\\u0438\\u043f\\u0435 \\u0440\\u0430\\u0431\\u043e\\u0442", "object": "\\u041b\\u0438\\u043d\\u043e\\u043b\\u0435\\u0443\\u043c \\u0441\\u0446\\u0435\\u043d\\u0438\\u0447\\u0435\\u0441\\u043a\\u0438\\u0439 - \\u0423\\u0441\\u0442\\u0440\\u043e\\u0439\\u0441\\u0442\\u0432\\u043e \\u041f\\u042d \\u043f\\u043b\\u0435\\u043d\\u043a\\u0438 (1.0 \\u043c2)"}}, {"added": {"name": "\\u0420\\u0430\\u0431\\u043e\\u0442\\u0430 \\u0432 \\u0442\\u0438\\u043f\\u0435 \\u0440\\u0430\\u0431\\u043e\\u0442", "object": "\\u041b\\u0438\\u043d\\u043e\\u043b\\u0435\\u0443\\u043c \\u0441\\u0446\\u0435\\u043d\\u0438\\u0447\\u0435\\u0441\\u043a\\u0438\\u0439 - \\u0423\\u0441\\u0442\\u0440\\u043e\\u0439\\u0441\\u0442\\u0432\\u043e \\u0433\\u043e\\u0440\\u0438\\u0437\\u043e\\u043d\\u0442\\u0430\\u043b\\u044c\\u043d\\u043e\\u0439 \\u0443\\u043a\\u043b\\u0430\\u0434\\u043a\\u0438 \\u0442\\u0435\\u043f\\u043b\\u043e\\u0438\\u0437\\u043e\\u043b\\u044f\\u0446\\u0438\\u0438 50 \\u043c\\u043c \\u043f\\u043e \\u043f\\u043e\\u043b\\u0443 (1.0 \\u043c2)"}}, {"added": {"name": "\\u0420\\u0430\\u0431\\u043e\\u0442\\u0430 \\u0432 \\u0442\\u0438\\u043f\\u0435 \\u0440\\u0430\\u0431\\u043e\\u0442", "object": "\\u041b\\u0438\\u043d\\u043e\\u043b\\u0435\\u0443\\u043c \\u0441\\u0446\\u0435\\u043d\\u0438\\u0447\\u0435\\u0441\\u043a\\u0438\\u0439 - \\u0410\\u0440\\u043c\\u0438\\u0440\\u043e\\u0432\\u0430\\u043d\\u0438\\u0435 \\u0441\\u0442\\u044f\\u0436\\u043a\\u0438 (1.0 \\u043c2)"}}, {"added": {"name": "\\u0420\\u0430\\u0431\\u043e\\u0442\\u0430 \\u0432 \\u0442\\u0438\\u043f\\u0435 \\u0440\\u0430\\u0431\\u043e\\u0442", "object": "\\u041b\\u0438\\u043d\\u043e\\u043b\\u0435\\u0443\\u043c \\u0441\\u0446\\u0435\\u043d\\u0438\\u0447\\u0435\\u0441\\u043a\\u0438\\u0439 - \\u0423\\u0441\\u0442\\u0440\\u043e\\u0439\\u0441\\u0442\\u0432\\u043e \\u0441\\u0442\\u044f\\u0436\\u043a\\u0438 h=100 \\u043c (1.0 \\u043c2)"}}, {"added": {"name": "\\u0420\\u0430\\u0431\\u043e\\u0442\\u0430 \\u0432 \\u0442\\u0438\\u043f\\u0435 \\u0440\\u0430\\u0431\\u043e\\u0442", "object": "\\u041b\\u0438\\u043d\\u043e\\u043b\\u0435\\u0443\\u043c \\u0441\\u0446\\u0435\\u043d\\u0438\\u0447\\u0435\\u0441\\u043a\\u0438\\u0439 - \\u041f\\u0440\\u0438\\u0433\\u043e\\u0442\\u043e\\u0432\\u043b\\u0435\\u043d\\u0438\\u0435 \\u0442\\u044f\\u0436\\u0435\\u043b\\u044b\\u0445 \\u043a\\u043b\\u0430\\u0434\\u043e\\u0447\\u043d\\u044b\\u0445 \\u0440\\u0430\\u0441\\u0442\\u0432\\u043e\\u0440\\u043e\\u0432: \\u0446\\u0435\\u043c\\u0435\\u043d\\u0442\\u043d\\u044b\\u0445 \\u043c\\u0430\\u0440\\u043a\\u0438 200 (0.0 \\u0442.\\u043d.)"}}, {"added": {"name": "\\u0420\\u0430\\u0431\\u043e\\u0442\\u0430 \\u0432 \\u0442\\u0438\\u043f\\u0435 \\u0440\\u0430\\u0431\\u043e\\u0442", "object": "\\u041b\\u0438\\u043d\\u043e\\u043b\\u0435\\u0443\\u043c \\u0441\\u0446\\u0435\\u043d\\u0438\\u0447\\u0435\\u0441\\u043a\\u0438\\u0439 - \\u041f\\u0440\\u043e\\u0437\\u0435\\u0440\\u043a\\u0430 \\u0434\\u0435\\u0444\\u043e\\u0440\\u043c\\u0430\\u0446\\u0438\\u043e\\u043d\\u043d\\u044b\\u0445 \\u0448\\u0432\\u043e\\u0432 \\u0432 \\u0441\\u0442\\u044f\\u0436\\u043a\\u0435 \\u0438 \\u0437\\u0430\\u043f\\u043e\\u043b\\u043d\\u0435\\u043d\\u0438\\u0435\\u043c \\u0433\\u0435\\u0440\\u043c\\u0435\\u0442\\u0438\\u043a\\u043e\\u043c (0.01 \\u043f.\\u043c.)"}}, {"added": {"name": "\\u0420\\u0430\\u0431\\u043e\\u0442\\u0430 \\u0432 \\u0442\\u0438\\u043f\\u0435 \\u0440\\u0430\\u0431\\u043e\\u0442", "object": "\\u041b\\u0438\\u043d\\u043e\\u043b\\u0435\\u0443\\u043c \\u0441\\u0446\\u0435\\u043d\\u0438\\u0447\\u0435\\u0441\\u043a\\u0438\\u0439 - \\u0413\\u0440\\u0443\\u043d\\u0442\\u043e\\u0432\\u0430\\u043d\\u0438\\u0435 \\u043f\\u043e\\u043b\\u0430 \\u043f\\u0435\\u0440\\u0435\\u0434 \\u0443\\u0441\\u0442\\u0440\\u043e\\u0439\\u0441\\u0442\\u0432\\u043e\\u043c \\u043d\\u0430\\u043b\\u0438\\u0432\\u043d\\u043e\\u0433\\u043e \\u043f\\u043e\\u043b\\u0430 (1.0 \\u043c2)"}}, {"added": {"name": "\\u0420\\u0430\\u0431\\u043e\\u0442\\u0430 \\u0432 \\u0442\\u0438\\u043f\\u0435 \\u0440\\u0430\\u0431\\u043e\\u0442", "object": "\\u041b\\u0438\\u043d\\u043e\\u043b\\u0435\\u0443\\u043c \\u0441\\u0446\\u0435\\u043d\\u0438\\u0447\\u0435\\u0441\\u043a\\u0438\\u0439 - \\u0423\\u0441\\u0442\\u0440\\u043e\\u0439\\u0441\\u0442\\u0432\\u043e \\u043d\\u0430\\u043b\\u0438\\u0432\\u043d\\u043e\\u0433\\u043e \\u043f\\u043e\\u043b\\u0430 5 \\u043c\\u043c \\u043f\\u0435\\u0440\\u0435\\u0434 \\u0441\\u043f\\u043e\\u0440\\u0442.\\u043b\\u0438\\u043d\\u043e\\u043b. (1.0 \\u043c2)"}}, {"added": {"name": "\\u0420\\u0430\\u0431\\u043e\\u0442\\u0430 \\u0432 \\u0442\\u0438\\u043f\\u0435 \\u0440\\u0430\\u0431\\u043e\\u0442", "object": "\\u041b\\u0438\\u043d\\u043e\\u043b\\u0435\\u0443\\u043c \\u0441\\u0446\\u0435\\u043d\\u0438\\u0447\\u0435\\u0441\\u043a\\u0438\\u0439 - \\u0413\\u0440\\u0443\\u043d\\u0442\\u043e\\u0432\\u0430\\u043d\\u0438\\u0435 \\u043f\\u043e\\u043b\\u0430 \\u043f\\u0435\\u0440\\u0435\\u0434 \\u0443\\u0441\\u0442\\u0440\\u043e\\u0439\\u0441\\u0442\\u0432\\u043e\\u043c \\u0441\\u0446\\u0435\\u043d\\u0438\\u0447\\u0435\\u0441\\u043a\\u043e\\u0433\\u043e \\u043b\\u0438\\u043d\\u043e\\u043b\\u0435\\u0443\\u043c\\u0430 (1.0 \\u043c2)"}}, {"added": {"name": "\\u0420\\u0430\\u0431\\u043e\\u0442\\u0430 \\u0432 \\u0442\\u0438\\u043f\\u0435 \\u0440\\u0430\\u0431\\u043e\\u0442", "object": "\\u041b\\u0438\\u043d\\u043e\\u043b\\u0435\\u0443\\u043c \\u0441\\u0446\\u0435\\u043d\\u0438\\u0447\\u0435\\u0441\\u043a\\u0438\\u0439 - \\u0423\\u0441\\u0442\\u0440\\u043e\\u0439\\u0441\\u0442\\u0432\\u043e \\u0441\\u0446\\u0435\\u043d\\u0438\\u0447\\u0435\\u0441\\u043a\\u043e\\u0433\\u043e \\u043b\\u0438\\u043d\\u043e\\u043b\\u0435\\u0443\\u043c\\u0430 \\u043d\\u0430 \\u043a\\u043b\\u0435\\u0439 \\u041a\\u041c1 (1.0 \\u043c2)"}}]	10	1
52	2025-12-26 09:37:03.318628+00	4	Полы - Плитка керамогранит 600х600	1	[{"added": {}}, {"added": {"name": "\\u0420\\u0430\\u0431\\u043e\\u0442\\u0430 \\u0432 \\u0442\\u0438\\u043f\\u0435 \\u0440\\u0430\\u0431\\u043e\\u0442", "object": "\\u041f\\u043b\\u0438\\u0442\\u043a\\u0430 \\u043a\\u0435\\u0440\\u0430\\u043c\\u043e\\u0433\\u0440\\u0430\\u043d\\u0438\\u0442 600\\u0445600 - \\u0423\\u0441\\u0442\\u0440\\u043e\\u0439\\u0441\\u0442\\u0432\\u043e \\u043f\\u0435\\u0441\\u0447\\u0430\\u043d\\u043e\\u0433\\u043e \\u043e\\u0441\\u043d\\u043e\\u0432\\u0430\\u043d\\u0438\\u044f \\u043f\\u043e\\u043b\\u0430 H=100 (1.0 \\u043c2)"}}, {"added": {"name": "\\u0420\\u0430\\u0431\\u043e\\u0442\\u0430 \\u0432 \\u0442\\u0438\\u043f\\u0435 \\u0440\\u0430\\u0431\\u043e\\u0442", "object": "\\u041f\\u043b\\u0438\\u0442\\u043a\\u0430 \\u043a\\u0435\\u0440\\u0430\\u043c\\u043e\\u0433\\u0440\\u0430\\u043d\\u0438\\u0442 600\\u0445600 - \\u0423\\u0441\\u0442\\u0440\\u043e\\u0439\\u0441\\u0442\\u0432\\u043e \\u041f\\u042d \\u043f\\u043b\\u0435\\u043d\\u043a\\u0438 (1.0 \\u043c2)"}}, {"added": {"name": "\\u0420\\u0430\\u0431\\u043e\\u0442\\u0430 \\u0432 \\u0442\\u0438\\u043f\\u0435 \\u0440\\u0430\\u0431\\u043e\\u0442", "object": "\\u041f\\u043b\\u0438\\u0442\\u043a\\u0430 \\u043a\\u0435\\u0440\\u0430\\u043c\\u043e\\u0433\\u0440\\u0430\\u043d\\u0438\\u0442 600\\u0445600 - \\u0423\\u0441\\u0442\\u0440\\u043e\\u0439\\u0441\\u0442\\u0432\\u043e \\u0433\\u043e\\u0440\\u0438\\u0437\\u043e\\u043d\\u0442\\u0430\\u043b\\u044c\\u043d\\u043e\\u0439 \\u0443\\u043a\\u043b\\u0430\\u0434\\u043a\\u0438 \\u0442\\u0435\\u043f\\u043b\\u043e\\u0438\\u0437\\u043e\\u043b\\u044f\\u0446\\u0438\\u0438 50 \\u043c\\u043c \\u043f\\u043e \\u043f\\u043e\\u043b\\u0443 (1.0 \\u043c2)"}}, {"added": {"name": "\\u0420\\u0430\\u0431\\u043e\\u0442\\u0430 \\u0432 \\u0442\\u0438\\u043f\\u0435 \\u0440\\u0430\\u0431\\u043e\\u0442", "object": "\\u041f\\u043b\\u0438\\u0442\\u043a\\u0430 \\u043a\\u0435\\u0440\\u0430\\u043c\\u043e\\u0433\\u0440\\u0430\\u043d\\u0438\\u0442 600\\u0445600 - \\u0410\\u0440\\u043c\\u0438\\u0440\\u043e\\u0432\\u0430\\u043d\\u0438\\u0435 \\u0441\\u0442\\u044f\\u0436\\u043a\\u0438 (1.0 \\u043c2)"}}, {"added": {"name": "\\u0420\\u0430\\u0431\\u043e\\u0442\\u0430 \\u0432 \\u0442\\u0438\\u043f\\u0435 \\u0440\\u0430\\u0431\\u043e\\u0442", "object": "\\u041f\\u043b\\u0438\\u0442\\u043a\\u0430 \\u043a\\u0435\\u0440\\u0430\\u043c\\u043e\\u0433\\u0440\\u0430\\u043d\\u0438\\u0442 600\\u0445600 - \\u0423\\u0441\\u0442\\u0440\\u043e\\u0439\\u0441\\u0442\\u0432\\u043e \\u0441\\u0442\\u044f\\u0436\\u043a\\u0438 h=100 \\u043c (1.0 \\u043c2)"}}, {"added": {"name": "\\u0420\\u0430\\u0431\\u043e\\u0442\\u0430 \\u0432 \\u0442\\u0438\\u043f\\u0435 \\u0440\\u0430\\u0431\\u043e\\u0442", "object": "\\u041f\\u043b\\u0438\\u0442\\u043a\\u0430 \\u043a\\u0435\\u0440\\u0430\\u043c\\u043e\\u0433\\u0440\\u0430\\u043d\\u0438\\u0442 600\\u0445600 - \\u041f\\u0440\\u0438\\u0433\\u043e\\u0442\\u043e\\u0432\\u043b\\u0435\\u043d\\u0438\\u0435 \\u0442\\u044f\\u0436\\u0435\\u043b\\u044b\\u0445 \\u043a\\u043b\\u0430\\u0434\\u043e\\u0447\\u043d\\u044b\\u0445 \\u0440\\u0430\\u0441\\u0442\\u0432\\u043e\\u0440\\u043e\\u0432: \\u0446\\u0435\\u043c\\u0435\\u043d\\u0442\\u043d\\u044b\\u0445 \\u043c\\u0430\\u0440\\u043a\\u0438 200 (0.0 \\u0442.\\u043d.)"}}, {"added": {"name": "\\u0420\\u0430\\u0431\\u043e\\u0442\\u0430 \\u0432 \\u0442\\u0438\\u043f\\u0435 \\u0440\\u0430\\u0431\\u043e\\u0442", "object": "\\u041f\\u043b\\u0438\\u0442\\u043a\\u0430 \\u043a\\u0435\\u0440\\u0430\\u043c\\u043e\\u0433\\u0440\\u0430\\u043d\\u0438\\u0442 600\\u0445600 - \\u041f\\u0440\\u043e\\u0437\\u0435\\u0440\\u043a\\u0430 \\u0434\\u0435\\u0444\\u043e\\u0440\\u043c\\u0430\\u0446\\u0438\\u043e\\u043d\\u043d\\u044b\\u0445 \\u0448\\u0432\\u043e\\u0432 \\u0432 \\u0441\\u0442\\u044f\\u0436\\u043a\\u0435 \\u0438 \\u0437\\u0430\\u043f\\u043e\\u043b\\u043d\\u0435\\u043d\\u0438\\u0435\\u043c \\u0433\\u0435\\u0440\\u043c\\u0435\\u0442\\u0438\\u043a\\u043e\\u043c (0.01 \\u043f.\\u043c.)"}}, {"added": {"name": "\\u0420\\u0430\\u0431\\u043e\\u0442\\u0430 \\u0432 \\u0442\\u0438\\u043f\\u0435 \\u0440\\u0430\\u0431\\u043e\\u0442", "object": "\\u041f\\u043b\\u0438\\u0442\\u043a\\u0430 \\u043a\\u0435\\u0440\\u0430\\u043c\\u043e\\u0433\\u0440\\u0430\\u043d\\u0438\\u0442 600\\u0445600 - \\u0423\\u0441\\u0442\\u0440\\u043e\\u0439\\u0441\\u0442\\u0432\\u043e \\u043f\\u043e\\u043a\\u0440\\u044b\\u0442\\u0438\\u0439 \\u0438\\u0437 \\u043f\\u043b\\u0438\\u0442 \\u043a\\u0435\\u0440\\u0430\\u043c\\u043e\\u0433\\u0440\\u0430\\u043d\\u0438\\u0442\\u043d\\u044b\\u0445 \\u0440\\u0430\\u0437\\u043c\\u0435\\u0440\\u043e\\u043c: 60\\u044560 \\u0441\\u043c (1.0 \\u043c2)"}}]	10	1
53	2025-12-26 09:40:37.375208+00	5	Полы - Ковроллин	1	[{"added": {}}, {"added": {"name": "\\u0420\\u0430\\u0431\\u043e\\u0442\\u0430 \\u0432 \\u0442\\u0438\\u043f\\u0435 \\u0440\\u0430\\u0431\\u043e\\u0442", "object": "\\u041a\\u043e\\u0432\\u0440\\u043e\\u043b\\u043b\\u0438\\u043d - \\u0423\\u0441\\u0442\\u0440\\u043e\\u0439\\u0441\\u0442\\u0432\\u043e \\u043f\\u0435\\u0441\\u0447\\u0430\\u043d\\u043e\\u0433\\u043e \\u043e\\u0441\\u043d\\u043e\\u0432\\u0430\\u043d\\u0438\\u044f \\u043f\\u043e\\u043b\\u0430 H=100 (1.0 \\u043c2)"}}, {"added": {"name": "\\u0420\\u0430\\u0431\\u043e\\u0442\\u0430 \\u0432 \\u0442\\u0438\\u043f\\u0435 \\u0440\\u0430\\u0431\\u043e\\u0442", "object": "\\u041a\\u043e\\u0432\\u0440\\u043e\\u043b\\u043b\\u0438\\u043d - \\u0423\\u0441\\u0442\\u0440\\u043e\\u0439\\u0441\\u0442\\u0432\\u043e \\u041f\\u042d \\u043f\\u043b\\u0435\\u043d\\u043a\\u0438 (1.0 \\u043c2)"}}, {"added": {"name": "\\u0420\\u0430\\u0431\\u043e\\u0442\\u0430 \\u0432 \\u0442\\u0438\\u043f\\u0435 \\u0440\\u0430\\u0431\\u043e\\u0442", "object": "\\u041a\\u043e\\u0432\\u0440\\u043e\\u043b\\u043b\\u0438\\u043d - \\u0423\\u0441\\u0442\\u0440\\u043e\\u0439\\u0441\\u0442\\u0432\\u043e \\u0433\\u043e\\u0440\\u0438\\u0437\\u043e\\u043d\\u0442\\u0430\\u043b\\u044c\\u043d\\u043e\\u0439 \\u0443\\u043a\\u043b\\u0430\\u0434\\u043a\\u0438 \\u0442\\u0435\\u043f\\u043b\\u043e\\u0438\\u0437\\u043e\\u043b\\u044f\\u0446\\u0438\\u0438 50 \\u043c\\u043c \\u043f\\u043e \\u043f\\u043e\\u043b\\u0443 (1.0 \\u043c2)"}}, {"added": {"name": "\\u0420\\u0430\\u0431\\u043e\\u0442\\u0430 \\u0432 \\u0442\\u0438\\u043f\\u0435 \\u0440\\u0430\\u0431\\u043e\\u0442", "object": "\\u041a\\u043e\\u0432\\u0440\\u043e\\u043b\\u043b\\u0438\\u043d - \\u0410\\u0440\\u043c\\u0438\\u0440\\u043e\\u0432\\u0430\\u043d\\u0438\\u0435 \\u0441\\u0442\\u044f\\u0436\\u043a\\u0438 (1.0 \\u043c2)"}}, {"added": {"name": "\\u0420\\u0430\\u0431\\u043e\\u0442\\u0430 \\u0432 \\u0442\\u0438\\u043f\\u0435 \\u0440\\u0430\\u0431\\u043e\\u0442", "object": "\\u041a\\u043e\\u0432\\u0440\\u043e\\u043b\\u043b\\u0438\\u043d - \\u0423\\u0441\\u0442\\u0440\\u043e\\u0439\\u0441\\u0442\\u0432\\u043e \\u0441\\u0442\\u044f\\u0436\\u043a\\u0438 h=100 \\u043c (1.0 \\u043c2)"}}, {"added": {"name": "\\u0420\\u0430\\u0431\\u043e\\u0442\\u0430 \\u0432 \\u0442\\u0438\\u043f\\u0435 \\u0440\\u0430\\u0431\\u043e\\u0442", "object": "\\u041a\\u043e\\u0432\\u0440\\u043e\\u043b\\u043b\\u0438\\u043d - \\u041f\\u0440\\u0438\\u0433\\u043e\\u0442\\u043e\\u0432\\u043b\\u0435\\u043d\\u0438\\u0435 \\u0442\\u044f\\u0436\\u0435\\u043b\\u044b\\u0445 \\u043a\\u043b\\u0430\\u0434\\u043e\\u0447\\u043d\\u044b\\u0445 \\u0440\\u0430\\u0441\\u0442\\u0432\\u043e\\u0440\\u043e\\u0432: \\u0446\\u0435\\u043c\\u0435\\u043d\\u0442\\u043d\\u044b\\u0445 \\u043c\\u0430\\u0440\\u043a\\u0438 200 (0.0 \\u0442.\\u043d.)"}}, {"added": {"name": "\\u0420\\u0430\\u0431\\u043e\\u0442\\u0430 \\u0432 \\u0442\\u0438\\u043f\\u0435 \\u0440\\u0430\\u0431\\u043e\\u0442", "object": "\\u041a\\u043e\\u0432\\u0440\\u043e\\u043b\\u043b\\u0438\\u043d - \\u041f\\u0440\\u043e\\u0437\\u0435\\u0440\\u043a\\u0430 \\u0434\\u0435\\u0444\\u043e\\u0440\\u043c\\u0430\\u0446\\u0438\\u043e\\u043d\\u043d\\u044b\\u0445 \\u0448\\u0432\\u043e\\u0432 \\u0432 \\u0441\\u0442\\u044f\\u0436\\u043a\\u0435 \\u0438 \\u0437\\u0430\\u043f\\u043e\\u043b\\u043d\\u0435\\u043d\\u0438\\u0435\\u043c \\u0433\\u0435\\u0440\\u043c\\u0435\\u0442\\u0438\\u043a\\u043e\\u043c (0.01 \\u043f.\\u043c.)"}}, {"added": {"name": "\\u0420\\u0430\\u0431\\u043e\\u0442\\u0430 \\u0432 \\u0442\\u0438\\u043f\\u0435 \\u0440\\u0430\\u0431\\u043e\\u0442", "object": "\\u041a\\u043e\\u0432\\u0440\\u043e\\u043b\\u043b\\u0438\\u043d - \\u0413\\u0440\\u0443\\u043d\\u0442\\u043e\\u0432\\u0430\\u043d\\u0438\\u0435 \\u043f\\u043e\\u043b\\u0430 \\u043f\\u0435\\u0440\\u0435\\u0434 \\u0443\\u0441\\u0442\\u0440\\u043e\\u0439\\u0441\\u0442\\u0432\\u043e\\u043c \\u043a\\u043e\\u0432\\u0440\\u043e\\u043b\\u043b\\u0438\\u043d\\u0430 (1.0 \\u043c2)"}}, {"added": {"name": "\\u0420\\u0430\\u0431\\u043e\\u0442\\u0430 \\u0432 \\u0442\\u0438\\u043f\\u0435 \\u0440\\u0430\\u0431\\u043e\\u0442", "object": "\\u041a\\u043e\\u0432\\u0440\\u043e\\u043b\\u043b\\u0438\\u043d - \\u0423\\u0441\\u0442\\u0440\\u043e\\u0439\\u0441\\u0442\\u0432\\u043e \\u043a\\u043e\\u0432\\u0440\\u043e\\u043b\\u043b\\u0438\\u043d\\u0430 \\u043d\\u0430 \\u043a\\u043b\\u0435\\u0439 \\u041a\\u041c2 (1.0 \\u043c2)"}}]	10	1
54	2025-12-26 09:41:04.656313+00	6	Плинтус - Устройство плинтусов ПВХ	1	[{"added": {}}, {"added": {"name": "\\u0420\\u0430\\u0431\\u043e\\u0442\\u0430 \\u0432 \\u0442\\u0438\\u043f\\u0435 \\u0440\\u0430\\u0431\\u043e\\u0442", "object": "\\u0423\\u0441\\u0442\\u0440\\u043e\\u0439\\u0441\\u0442\\u0432\\u043e \\u043f\\u043b\\u0438\\u043d\\u0442\\u0443\\u0441\\u043e\\u0432 \\u041f\\u0412\\u0425 - \\u0423\\u0441\\u0442\\u0440\\u043e\\u0439\\u0441\\u0442\\u0432\\u043e \\u043f\\u043b\\u0438\\u043d\\u0442\\u0443\\u0441\\u043e\\u0432 \\u041f\\u0412\\u0425 (1.0 \\u043f.\\u043c.)"}}]	10	1
55	2025-12-26 09:41:26.792079+00	7	Плинтус - Устройство плинтуса из плиток (сапожок)	1	[{"added": {}}, {"added": {"name": "\\u0420\\u0430\\u0431\\u043e\\u0442\\u0430 \\u0432 \\u0442\\u0438\\u043f\\u0435 \\u0440\\u0430\\u0431\\u043e\\u0442", "object": "\\u0423\\u0441\\u0442\\u0440\\u043e\\u0439\\u0441\\u0442\\u0432\\u043e \\u043f\\u043b\\u0438\\u043d\\u0442\\u0443\\u0441\\u0430 \\u0438\\u0437 \\u043f\\u043b\\u0438\\u0442\\u043e\\u043a (\\u0441\\u0430\\u043f\\u043e\\u0436\\u043e\\u043a) - \\u0423\\u0441\\u0442\\u0440\\u043e\\u0439\\u0441\\u0442\\u0432\\u043e \\u043f\\u043b\\u0438\\u043d\\u0442\\u0443\\u0441\\u043e\\u0432: \\u0438\\u0437 \\u043f\\u043b\\u0438\\u0442\\u043e\\u043a \\u043a\\u0435\\u0440\\u0430\\u043c\\u043e\\u0433\\u0440\\u0430\\u043d\\u0438\\u0442\\u043d\\u044b\\u0445 (\\u0441\\u043e\\u043f\\u043e\\u0436\\u0435\\u043a) (1.0 \\u043c2)"}}]	10	1
56	2025-12-26 09:47:21.011072+00	1	Линолеум спортивный - Устройство песчаного основания пола H=100 - Песок (0.1)	1	[{"added": {}}]	11	1
57	2025-12-26 09:55:14.465567+00	2	Линолеум спортивный - Устройство ПЭ пленки - ПЭ пленка (1.0)	1	[{"added": {}}]	11	1
58	2025-12-26 09:55:51.176974+00	3	Линолеум спортивный - Устройство горизонтальной укладки теплоизоляции 50 мм по полу - Пеноплект 45 (0.05)	1	[{"added": {}}]	11	1
59	2025-12-26 09:56:10.876651+00	4	Линолеум спортивный - Армирование стяжки - Арм.сетки 4 мм (яч. 100х100 мм) (1.84)	1	[{"added": {}}]	11	1
60	2025-12-26 09:56:41.865998+00	5	Линолеум спортивный - Устройство стяжки h=100 м - Смеси сухие цементно-песчаные монтажно-кладочные, крупность заполнителя не более 3,5 мм, класс В15 (М200), F100 (0.0)	1	[{"added": {}}]	11	1
61	2025-12-26 09:57:04.490047+00	6	Линолеум спортивный - Устройство стяжки h=100 м - фиброволокно (0.0)	1	[{"added": {}}]	11	1
62	2025-12-26 09:57:27.074449+00	7	Линолеум спортивный - Грунтование пола перед устройством наливного пола - Грунтовка церезит СТ17 (0.2)	1	[{"added": {}}]	11	1
63	2025-12-26 09:58:43.873323+00	8	Линолеум спортивный - Устройство наливного пола 5 мм перед спорт.линол. - Сухая смесь наливного пола (0.0)	1	[{"added": {}}]	11	1
64	2025-12-26 09:59:06.912556+00	9	Линолеум спортивный - Грунтование пола перед устройством спортивного линолеума - Грунтовка церезит СТ17 (0.2)	1	[{"added": {}}]	11	1
65	2025-12-26 09:59:41.062461+00	10	Линолеум спортивный - Устройство спортивного линолеума на клей КМ1 - Линолеум спортивный (0.0)	1	[{"added": {}}]	11	1
66	2025-12-26 10:52:46.864085+00	11	Линолеум комерческий - Устройство песчаного основания пола H=100 - Песок (0.1)	1	[{"added": {}}]	11	1
67	2025-12-26 10:53:15.380547+00	12	Линолеум комерческий - Устройство ПЭ пленки - ПЭ пленка (1.0)	1	[{"added": {}}]	11	1
68	2025-12-26 10:53:37.641987+00	13	Линолеум комерческий - Устройство горизонтальной укладки теплоизоляции 50 мм по полу - Пеноплект 45 (0.05)	1	[{"added": {}}]	11	1
69	2025-12-26 10:54:13.452915+00	14	Линолеум комерческий - Армирование стяжки - Арм.сетки 4 мм (яч. 100х100 мм) (1.932)	1	[{"added": {}}]	11	1
70	2025-12-26 10:54:52.204677+00	15	Линолеум комерческий - Устройство стяжки h=100 м - Смеси сухие цементно-песчаные монтажно-кладочные, крупность заполнителя не более 3,5 мм, класс В15 (М200), F100 (0.0)	1	[{"added": {}}]	11	1
73	2025-12-26 10:56:33.101194+00	18	Линолеум комерческий - Устройство наливного пола 5 мм перед спорт.линол. - Сухая смесь наливного пола (0.0)	1	[{"added": {}}]	11	1
74	2025-12-26 10:57:11.230467+00	19	Линолеум комерческий - Грунтование пола перед устройством коммерческого линолеума - Грунтовка церезит СТ17 (0.2)	1	[{"added": {}}]	11	1
75	2025-12-26 10:57:45.009645+00	20	Линолеум комерческий - Устройство коммерческого линолеума на клей КМ1 - Линолеум комерческий (0.0)	1	[{"added": {}}]	11	1
76	2025-12-26 10:58:19.772921+00	21	Линолеум сценический - Устройство песчаного основания пола H=100 - Песок (0.1)	1	[{"added": {}}]	11	1
77	2025-12-26 10:58:47.726369+00	22	Линолеум сценический - Устройство ПЭ пленки - ПЭ пленка (1.0)	1	[{"added": {}}]	11	1
78	2025-12-26 10:59:13.50667+00	23	Линолеум сценический - Устройство горизонтальной укладки теплоизоляции 50 мм по полу - Пеноплект 45 (0.05)	1	[{"added": {}}]	11	1
79	2025-12-26 10:59:42.59686+00	24	Линолеум сценический - Армирование стяжки - Арм.сетки 4 мм (яч. 100х100 мм) (1.932)	1	[{"added": {}}]	11	1
80	2025-12-26 11:00:21.131784+00	25	Линолеум сценический - Устройство стяжки h=100 м - Смеси сухие цементно-песчаные монтажно-кладочные, крупность заполнителя не более 3,5 мм, класс В15 (М200), F100 (0.0)	1	[{"added": {}}]	11	1
81	2025-12-26 11:00:46.704633+00	26	Линолеум сценический - Устройство стяжки h=100 м - фиброволокно (0.0)	1	[{"added": {}}]	11	1
82	2025-12-26 11:01:49.833913+00	27	Линолеум сценический - Грунтование пола перед устройством наливного пола - Грунтовка церезит СТ17 (0.2)	1	[{"added": {}}]	11	1
83	2025-12-26 11:02:56.473827+00	28	Линолеум сценический - Устройство наливного пола 5 мм перед спорт.линол. - Сухая смесь наливного пола (0.0)	1	[{"added": {}}]	11	1
84	2025-12-26 11:03:29.589096+00	29	Линолеум сценический - Грунтование пола перед устройством сценического линолеума - Грунтовка церезит СТ17 (0.2)	1	[{"added": {}}]	11	1
85	2025-12-26 11:03:52.545645+00	30	Линолеум сценический - Устройство сценического линолеума на клей КМ1 - Линолеум сценический (0.0)	1	[{"added": {}}]	11	1
86	2025-12-26 11:05:38.749996+00	31	Плитка керамогранит 600х600 - Устройство песчаного основания пола H=100 - Песок (0.1)	1	[{"added": {}}]	11	1
87	2025-12-26 11:06:04.964605+00	32	Плитка керамогранит 600х600 - Устройство ПЭ пленки - ПЭ пленка (1.0)	1	[{"added": {}}]	11	1
88	2025-12-26 11:06:36.181315+00	33	Плитка керамогранит 600х600 - Устройство горизонтальной укладки теплоизоляции 50 мм по полу - Пеноплект 45 (0.05)	1	[{"added": {}}]	11	1
89	2025-12-26 11:07:01.736594+00	34	Плитка керамогранит 600х600 - Армирование стяжки - Арм.сетки 4 мм (яч. 100х100 мм) (1.932)	1	[{"added": {}}]	11	1
90	2025-12-26 11:07:40.203759+00	35	Плитка керамогранит 600х600 - Устройство стяжки h=100 м - Смеси сухие цементно-песчаные монтажно-кладочные, крупность заполнителя не более 3,5 мм, класс В15 (М200), F100 (0.0)	1	[{"added": {}}]	11	1
91	2025-12-26 11:08:27.379871+00	36	Плитка керамогранит 600х600 - Устройство стяжки h=100 м - фиброволокно (0.0)	1	[{"added": {}}]	11	1
92	2025-12-26 11:09:14.232053+00	37	Плитка керамогранит 600х600 - Устройство покрытий из плит керамогранитных размером: 60х60 см - Керамогранит 600*600 мм (1.0)	1	[{"added": {}}]	11	1
93	2025-12-26 11:10:15.232812+00	38	Плитка керамогранит 600х600 - Устройство покрытий из плит керамогранитных размером: 60х60 см - Клей плиточный (0.0)	1	[{"added": {}}]	11	1
94	2025-12-26 11:10:47.431052+00	39	Плитка керамогранит 600х600 - Устройство покрытий из плит керамогранитных размером: 60х60 см - Затирка (0.0)	1	[{"added": {}}]	11	1
95	2025-12-26 11:11:47.601957+00	40	Плитка керамогранит 600х600 - Устройство покрытий из плит керамогранитных размером: 60х60 см - Грунтовка церезит СТ17 (0.0)	1	[{"added": {}}]	11	1
96	2025-12-26 11:12:29.969046+00	41	Плитка керамогранит 600х600 - Устройство покрытий из плит керамогранитных размером: 60х60 см - Крестики (0.0)	1	[{"added": {}}]	11	1
97	2025-12-26 11:13:03.590492+00	42	Ковроллин - Устройство песчаного основания пола H=100 - Песок (0.1)	1	[{"added": {}}]	11	1
98	2025-12-26 11:13:27.107217+00	43	Ковроллин - Устройство ПЭ пленки - ПЭ пленка (1.0)	1	[{"added": {}}]	11	1
99	2025-12-26 11:13:51.8437+00	44	Ковроллин - Устройство горизонтальной укладки теплоизоляции 50 мм по полу - Пеноплект 45 (0.05)	1	[{"added": {}}]	11	1
100	2025-12-26 11:14:18.05979+00	45	Ковроллин - Армирование стяжки - Арм.сетки 4 мм (яч. 100х100 мм) (1.932)	1	[{"added": {}}]	11	1
101	2025-12-26 11:14:51.494446+00	46	Ковроллин - Устройство стяжки h=100 м - Смеси сухие цементно-песчаные монтажно-кладочные, крупность заполнителя не более 3,5 мм, класс В15 (М200), F100 (0.0)	1	[{"added": {}}]	11	1
102	2025-12-26 11:15:14.117947+00	47	Ковроллин - Устройство стяжки h=100 м - фиброволокно (0.0)	1	[{"added": {}}]	11	1
103	2025-12-26 11:15:46.584321+00	48	Ковроллин - Грунтование пола перед устройством ковроллина - Грунтовка церезит СТ17 (0.2)	1	[{"added": {}}]	11	1
104	2025-12-26 11:16:41.788881+00	49	Ковроллин - Устройство ковроллина на клей КМ2 - Ковролин (0.0)	1	[{"added": {}}]	11	1
105	2025-12-26 11:17:10.527569+00	50	Устройство плинтусов ПВХ - Устройство плинтусов ПВХ - Плинтус ПВХ комерческий (1.05)	1	[{"added": {}}]	11	1
106	2025-12-26 11:17:45.775807+00	51	Устройство плинтуса из плиток (сапожок) - Устройство плинтусов: из плиток керамогранитных (сопожек) - Клей плиточный (0.0004)	1	[{"added": {}}]	11	1
107	2025-12-26 11:18:12.260899+00	52	Устройство плинтуса из плиток (сапожок) - Устройство плинтусов: из плиток керамогранитных (сопожек) - Плитки керамогранитные (1.02)	1	[{"added": {}}]	11	1
108	2025-12-26 11:19:02.689865+00	53	Устройство плинтуса из плиток (сапожок) - Устройство плинтусов: из плиток керамогранитных (сопожек) - Затирка цветная на цементной основе (0.0001)	1	[{"added": {}}]	11	1
\.


--
-- Data for Name: django_content_type; Type: TABLE DATA; Schema: public; Owner: vor_user
--

COPY public.django_content_type (id, app_label, model) FROM stdin;
1	admin	logentry
2	auth	permission
3	auth	group
4	auth	user
5	contenttypes	contenttype
6	sessions	session
7	reference	resource
8	reference	work
9	reference	workcategory
10	reference	worktype
11	reference	workresource
12	reference	worktypework
13	estimates	estimate
14	estimates	estimatesection
15	estimates	estimatesectionworktype
16	estimates	estimateitem
17	estimates	estimateitemresource
18	authtoken	token
19	authtoken	tokenproxy
\.


--
-- Data for Name: django_migrations; Type: TABLE DATA; Schema: public; Owner: vor_user
--

COPY public.django_migrations (id, app, name, applied) FROM stdin;
1	contenttypes	0001_initial	2025-12-25 15:07:59.066424+00
2	auth	0001_initial	2025-12-25 15:07:59.228226+00
3	admin	0001_initial	2025-12-25 15:07:59.277988+00
4	admin	0002_logentry_remove_auto_add	2025-12-25 15:07:59.298219+00
5	admin	0003_logentry_add_action_flag_choices	2025-12-25 15:07:59.319418+00
6	contenttypes	0002_remove_content_type_name	2025-12-25 15:07:59.359581+00
7	auth	0002_alter_permission_name_max_length	2025-12-25 15:07:59.378959+00
8	auth	0003_alter_user_email_max_length	2025-12-25 15:07:59.393559+00
9	auth	0004_alter_user_username_opts	2025-12-25 15:07:59.406275+00
10	auth	0005_alter_user_last_login_null	2025-12-25 15:07:59.420611+00
11	auth	0006_require_contenttypes_0002	2025-12-25 15:07:59.422726+00
12	auth	0007_alter_validators_add_error_messages	2025-12-25 15:07:59.433722+00
13	auth	0008_alter_user_username_max_length	2025-12-25 15:07:59.452086+00
14	auth	0009_alter_user_last_name_max_length	2025-12-25 15:07:59.464842+00
15	auth	0010_alter_group_name_max_length	2025-12-25 15:07:59.479375+00
16	auth	0011_update_proxy_permissions	2025-12-25 15:07:59.492334+00
17	auth	0012_alter_user_first_name_max_length	2025-12-25 15:07:59.502445+00
18	reference	0001_initial	2025-12-25 15:07:59.608901+00
19	estimates	0001_initial	2025-12-25 15:07:59.801218+00
20	sessions	0001_initial	2025-12-25 15:07:59.829535+00
21	authtoken	0001_initial	2025-12-26 06:42:32.841658+00
22	authtoken	0002_auto_20160226_1747	2025-12-26 06:42:32.892599+00
23	authtoken	0003_tokenproxy	2025-12-26 06:42:32.895748+00
24	authtoken	0004_alter_tokenproxy_options	2025-12-26 06:42:32.903716+00
\.


--
-- Data for Name: django_session; Type: TABLE DATA; Schema: public; Owner: vor_user
--

COPY public.django_session (session_key, session_data, expire_date) FROM stdin;
ou1y0wiiwh85vn6d3fk43fnfzgq2r0cw	.eJxVjDkOwjAUBe_iGln-3k1JnzNY3xsOIFuKkwpxdxIpBbRvZt6beNzW6reRFz8nciVALr9bwPjM7QDpge3eaextXeZAD4WedNCpp_y6ne7fQcVR91oaYwFRR2FAWs2yYAGKNdzpIsGq6GxAKMox64DzrEA4g7uYhE6qOPL5AqzZNm0:1vYn4Q:jV1hgn-WNyGJbddR4Qq3iTvzkM8CZQ0-ua3K3Mb1Qwg	2026-01-08 15:16:06.346994+00
ao6qa2cq9t9ajwh7ndjwok0osnv40z4e	.eJxVjDkOwjAUBe_iGln-3k1JnzNY3xsOIFuKkwpxdxIpBbRvZt6beNzW6reRFz8nciVALr9bwPjM7QDpge3eaextXeZAD4WedNCpp_y6ne7fQcVR91oaYwFRR2FAWs2yYAGKNdzpIsGq6GxAKMox64DzrEA4g7uYhE6qOPL5AqzZNm0:1vZ2s0:H_dMdGCSvh1Is2boiQZAUnRh4Rcc2Davc8NzOgD_gzw	2026-01-09 08:08:20.260096+00
wzk7xmrz5vkziungowk6lv4j0yxsxht8	.eJxVjDkOwjAUBe_iGln-3k1JnzNY3xsOIFuKkwpxdxIpBbRvZt6beNzW6reRFz8nciVALr9bwPjM7QDpge3eaextXeZAD4WedNCpp_y6ne7fQcVR91oaYwFRR2FAWs2yYAGKNdzpIsGq6GxAKMox64DzrEA4g7uYhE6qOPL5AqzZNm0:1vZOwD:J7ejq-e2kaBdHO0RWsjuSQTEe4x5AE69WVnoVBVqupY	2026-01-10 07:42:09.726556+00
\.


--
-- Data for Name: estimates_estimate; Type: TABLE DATA; Schema: public; Owner: vor_user
--

COPY public.estimates_estimate (id, name, object_name, created_at, status) FROM stdin;
1	ВОР 1	Ленина 10	2025-12-26 11:24:22.286064+00	draft
2	Шаблон 1	нанананан	2025-12-27 07:38:34.038756+00	draft
3	1	1	2025-12-27 20:52:39.148062+00	draft
4	Школа	Ленина 41	2025-12-29 07:38:48.527198+00	draft
5	Ремонт в офисе тест С	офис Аметьево	2025-12-29 15:23:17.591958+00	active
\.


--
-- Data for Name: estimates_estimateitem; Type: TABLE DATA; Schema: public; Owner: vor_user
--

COPY public.estimates_estimateitem (id, volume, work_id, section_work_type_id) FROM stdin;
6	250	6	3
10	250	19	3
8	0	8	3
9	2.5	9	3
5	250	5	3
11	250	20	3
3	250	3	3
4	250	4	3
7	250	7	3
12	150	3	4
13	150	4	4
14	150	5	4
15	150	6	4
16	150	7	4
17	0	8	4
18	1.5	9	4
19	150	10	4
20	150	11	4
21	150	15	4
22	150	14	4
23	100	3	5
24	100	4	5
25	100	5	5
26	100	6	5
27	100	7	5
28	0	8	5
29	1	9	5
30	100	10	5
31	100	11	5
32	100	12	5
33	100	13	5
68	300	5	13
74	300	20	13
1	100	1	1
2	150	2	2
37	100	6	6
41	100	19	6
39	0	8	6
40	1	9	6
36	100	5	6
42	100	20	6
34	100	3	6
35	100	4	6
38	100	7	6
54	20	1	8
55	20	2	9
56	300	3	10
57	300	4	10
58	300	5	10
59	300	6	10
60	300	7	10
61	0	8	10
62	3	9	10
63	300	18	10
78	150	6	14
84	150	15	14
82	150	10	14
80	0	8	14
81	1.5	9	14
77	150	5	14
85	150	14	14
83	150	11	14
75	150	3	14
76	150	4	14
79	150	7	14
69	300	6	13
73	300	19	13
71	0	8	13
72	3	9	13
66	300	3	13
67	300	4	13
70	300	7	13
95	1500	3	16
96	1500	4	16
64	60	1	11
65	45	2	12
89	500	6	15
93	500	19	15
91	0	8	15
92	5	9	15
88	500	5	15
94	500	20	15
86	500	3	15
87	500	4	15
90	500	7	15
98	1500	6	16
104	1500	15	16
102	1500	10	16
100	0	8	16
101	15	9	16
97	1500	5	16
105	1500	14	16
103	1500	11	16
99	1500	7	16
106	250	3	17
107	250	4	17
108	250	5	17
109	250	6	17
110	250	7	17
111	0	8	17
112	2.5	9	17
113	250	10	17
114	250	11	17
115	250	12	17
116	250	13	17
117	250	3	18
118	250	4	18
119	250	5	18
120	250	6	18
121	250	7	18
122	0	8	18
123	2.5	9	18
124	250	10	18
125	250	11	18
126	250	16	18
127	250	17	18
128	2500	3	19
129	2500	4	19
130	2500	5	19
131	2500	6	19
132	2500	7	19
133	0	8	19
134	25	9	19
135	2500	18	19
137	2500	2	21
136	2500	1	20
138	150	1	22
140	15	3	24
142	15	5	24
139	350	2	23
163	120	6	26
169	120	15	26
167	120	10	26
165	0	8	26
166	1.2	9	26
162	120	5	26
170	120	14	26
168	120	11	26
160	120	3	26
161	120	4	26
164	120	7	26
143	15	6	24
147	15	10	24
149	15	12	24
145	0	8	24
146	0.15	9	24
148	15	11	24
141	15	4	24
150	15	13	24
144	15	7	24
154	15	6	25
158	15	19	25
156	0	8	25
157	0.15	9	25
153	15	5	25
159	15	20	25
151	15	3	25
152	15	4	25
155	15	7	25
\.


--
-- Data for Name: estimates_estimateitemresource; Type: TABLE DATA; Schema: public; Owner: vor_user
--

COPY public.estimates_estimateitemresource (id, quantity, estimate_item_id, resource_id) FROM stdin;
8	483	6	4
11	50	10	9
7	12.5	5	3
12	0	11	18
5	25	3	1
6	250	4	2
9	0	7	5
10	0	7	6
13	15	12	1
14	150	13	2
15	7.5	14	3
16	289.8	15	4
17	0	16	5
18	0	16	6
19	30	19	9
20	0	20	8
21	30	21	9
22	0	22	11
23	10	23	1
24	100	24	2
25	5	25	3
26	184	26	4
27	0	27	5
28	0	27	6
29	20	30	9
30	0	31	8
31	20	32	9
32	0	33	10
83	0	79	6
73	579.6	69	4
76	60	73	9
72	15	68	3
1	0.01	1	22
2	0.04	1	20
3	102	1	21
4	157.5	2	19
36	193.2	37	4
39	20	41	9
35	5	36	3
40	0	42	18
33	10	34	1
34	100	35	2
37	0	38	5
38	0	38	6
51	0.002	54	22
52	0.008	54	20
53	20.4	54	21
54	21	55	19
55	30	56	1
56	300	57	2
57	15	58	3
58	579.6	59	4
59	0	60	5
60	0	60	6
61	0	63	9
62	0	63	15
63	300	63	13
64	0	63	20
65	0	63	17
81	289.8	78	4
86	30	84	9
84	30	82	9
80	7.5	77	3
87	0	85	11
85	0	83	8
78	15	75	1
79	150	76	2
82	0	79	5
77	0	74	18
70	30	66	1
71	300	67	2
74	0	70	5
75	0	70	6
99	2898	98	4
104	300	104	9
102	300	102	9
98	75	97	3
66	0.006	64	22
67	0.024	64	20
68	61.2	64	21
69	47.25	65	19
91	966	89	4
94	100	93	9
90	25	88	3
95	0	94	18
88	50	86	1
89	500	87	2
92	0	90	5
93	0	90	6
105	0	105	11
103	0	103	8
96	150	95	1
97	1500	96	2
100	0	99	5
101	0	99	6
106	25	106	1
107	250	107	2
108	12.5	108	3
109	460	109	4
110	0	110	5
111	0	110	6
112	50	113	9
113	0	114	8
114	50	115	9
115	0	116	10
116	25	117	1
117	250	118	2
118	12.5	119	3
119	483	120	4
120	0	121	5
121	0	121	6
122	50	124	9
123	0	125	8
124	50	126	9
125	0	127	12
126	250	128	1
127	2500	129	2
128	125	130	3
129	4830	131	4
130	0	132	5
131	0	132	6
132	0	135	9
133	0	135	15
134	2500	135	13
135	0	135	20
136	0	135	17
138	1	136	20
139	2550	136	21
140	2625	137	19
137	0.25	136	22
141	0.015000000000000001	138	22
142	0.060000000000000005	138	20
143	153	138	21
144	367.5	139	19
166	231.84	163	4
171	24	169	9
169	24	167	9
165	6	162	3
172	0	170	11
170	0	168	8
163	12	160	1
164	120	161	2
167	0	164	5
168	0	164	6
148	27.6	143	4
151	3	147	9
153	3	149	9
147	0.75	142	3
152	0	148	8
145	1.5	140	1
146	15	141	2
154	0	150	10
149	0	144	5
150	0	144	6
158	28.98	154	4
161	3	158	9
157	0.75	153	3
162	0	159	18
155	1.5	151	1
156	15	152	2
159	0	155	5
160	0	155	6
\.


--
-- Data for Name: estimates_estimatesection; Type: TABLE DATA; Schema: public; Owner: vor_user
--

COPY public.estimates_estimatesection (id, total_area, estimate_id, work_category_id) FROM stdin;
3	500	1	1
2	500	1	2
5	1000	2	1
4	200	2	2
6	150	3	2
7	1500	3	1
8	5000	4	1
9	5000	4	2
10	500	5	2
11	150	5	1
\.


--
-- Data for Name: estimates_estimatesectionworktype; Type: TABLE DATA; Schema: public; Owner: vor_user
--

COPY public.estimates_estimatesectionworktype (id, percentage, section_id, work_type_id) FROM stdin;
3	50	3	5
4	30	3	2
5	20	3	1
1	20	2	7
2	30	2	6
6	10	5	5
8	10	4	7
9	10	4	6
10	30	5	4
14	10	7	2
13	20	7	5
11	40	6	7
12	30	6	6
15	10	8	5
16	30	8	2
17	5	8	1
18	5	8	3
19	50	8	4
20	50	9	7
21	50	9	6
22	30	10	7
23	70	10	6
25	10	11	5
26	80	11	2
24	10	11	1
\.


--
-- Data for Name: reference_resource; Type: TABLE DATA; Schema: public; Owner: vor_user
--

COPY public.reference_resource (id, name, unit) FROM stdin;
1	Песок	м3
2	ПЭ пленка	м2
3	Пеноплект 45	м3
4	Арм.сетки 4 мм (яч. 100х100 мм)	кг
5	Смеси сухие цементно-песчаные монтажно-кладочные, крупность заполнителя не более 3,5 мм, класс В15 (М200), F100	кг
6	фиброволокно	кг
8	Сухая смесь наливного пола	кг
9	Грунтовка церезит СТ17	кг
10	Линолеум спортивный	м2
11	Линолеум комерческий	м2
12	Линолеум сценический	м2
13	Керамогранит 600*600 мм	м2
15	Затирка	кг
17	Крестики	шт
18	Ковролин	м2
19	Плинтус ПВХ комерческий	п.м.
20	Клей плиточный	т.н.
21	Плитки керамогранитные	м2
22	Затирка цветная на цементной основе	т.н.
\.


--
-- Data for Name: reference_work; Type: TABLE DATA; Schema: public; Owner: vor_user
--

COPY public.reference_work (id, name, unit) FROM stdin;
1	Устройство плинтусов: из плиток керамогранитных (сопожек)	м2
2	Устройство плинтусов ПВХ	п.м.
3	Устройство песчаного основания пола H=100	м2
4	Устройство ПЭ пленки	м2
5	Устройство горизонтальной укладки теплоизоляции 50 мм по полу	м2
6	Армирование стяжки	м2
7	Устройство стяжки h=100 м	м2
8	Приготовление тяжелых кладочных растворов: цементных марки 200	т.н.
9	Прозерка деформационных швов в стяжке и заполнением герметиком	п.м.
10	Грунтование пола перед устройством наливного пола	м2
11	Устройство наливного пола 5 мм перед спорт.линол.	м2
12	Грунтование пола перед устройством спортивного линолеума	м2
13	Устройство спортивного линолеума на клей КМ1	м2
14	Устройство коммерческого линолеума на клей КМ1	м2
15	Грунтование пола перед устройством коммерческого линолеума	м2
16	Грунтование пола перед устройством сценического линолеума	м2
17	Устройство сценического линолеума на клей КМ1	м2
18	Устройство покрытий из плит керамогранитных размером: 60х60 см	м2
19	Грунтование пола перед устройством ковроллина	м2
20	Устройство ковроллина на клей КМ2	м2
\.


--
-- Data for Name: reference_workcategory; Type: TABLE DATA; Schema: public; Owner: vor_user
--

COPY public.reference_workcategory (id, name) FROM stdin;
1	Полы
2	Плинтус
\.


--
-- Data for Name: reference_workresource; Type: TABLE DATA; Schema: public; Owner: vor_user
--

COPY public.reference_workresource (id, quantity_per_unit, resource_id, work_id, work_type_id) FROM stdin;
1	0.1	1	3	1
2	1	2	4	1
3	0.05	3	5	1
4	1.84	4	6	1
5	0	5	7	1
6	0	6	7	1
7	0.2	9	10	1
8	0	8	11	1
9	0.2	9	12	1
10	0	10	13	1
11	0.1	1	3	2
12	1	2	4	2
13	0.05	3	5	2
14	1.932	4	6	2
15	0	5	7	2
16	0	6	7	2
17	0.2	9	10	2
18	0	8	11	2
19	0.2	9	15	2
20	0	11	14	2
21	0.1	1	3	3
22	1	2	4	3
23	0.05	3	5	3
24	1.932	4	6	3
25	0	5	7	3
26	0	6	7	3
27	0.2	9	10	3
28	0	8	11	3
29	0.2	9	16	3
30	0	12	17	3
31	0.1	1	3	4
32	1	2	4	4
33	0.05	3	5	4
34	1.932	4	6	4
35	0	5	7	4
36	0	6	7	4
37	1	13	18	4
38	0	20	18	4
39	0	15	18	4
40	0	9	18	4
41	0	17	18	4
42	0.1	1	3	5
43	1	2	4	5
44	0.05	3	5	5
45	1.932	4	6	5
46	0	5	7	5
47	0	6	7	5
48	0.2	9	19	5
49	0	18	20	5
50	1.05	19	2	6
51	0.0004	20	1	7
52	1.02	21	1	7
53	0.0001	22	1	7
\.


--
-- Data for Name: reference_worktype; Type: TABLE DATA; Schema: public; Owner: vor_user
--

COPY public.reference_worktype (id, name, category_id) FROM stdin;
1	Линолеум спортивный	1
2	Линолеум комерческий	1
3	Линолеум сценический	1
4	Плитка керамогранит 600х600	1
5	Ковроллин	1
6	Устройство плинтусов ПВХ	2
7	Устройство плинтуса из плиток (сапожок)	2
\.


--
-- Data for Name: reference_worktypework; Type: TABLE DATA; Schema: public; Owner: vor_user
--

COPY public.reference_worktypework (id, order_index, work_volume_per_unit, work_id, work_type_id) FROM stdin;
1	0	1	3	1
2	1	1	4	1
3	2	1	5	1
4	3	1	6	1
5	4	1	7	1
6	5	0	8	1
7	6	0.01	9	1
8	7	1	10	1
9	8	1	11	1
10	9	1	12	1
11	10	1	13	1
12	0	1	3	2
13	1	1	4	2
14	2	1	5	2
15	3	1	6	2
16	4	1	7	2
17	5	0	8	2
18	6	0.01	9	2
19	7	1	10	2
20	8	1	11	2
21	9	1	15	2
22	10	1	14	2
23	0	1	3	3
24	1	1	4	3
25	2	1	5	3
26	3	1	6	3
27	4	1	7	3
28	5	0	8	3
29	6	0.01	9	3
30	7	1	10	3
31	8	1	11	3
32	9	1	16	3
33	10	1	17	3
34	0	1	3	4
35	1	1	4	4
36	2	1	5	4
37	3	1	6	4
38	4	1	7	4
39	5	0	8	4
40	6	0.01	9	4
41	7	1	18	4
42	0	1	3	5
43	1	1	4	5
44	2	1	5	5
45	3	1	6	5
46	4	1	7	5
47	5	0	8	5
48	6	0.01	9	5
49	7	1	19	5
50	8	1	20	5
51	0	1	2	6
52	0	1	1	7
\.


--
-- Name: auth_group_id_seq; Type: SEQUENCE SET; Schema: public; Owner: vor_user
--

SELECT pg_catalog.setval('public.auth_group_id_seq', 1, false);


--
-- Name: auth_group_permissions_id_seq; Type: SEQUENCE SET; Schema: public; Owner: vor_user
--

SELECT pg_catalog.setval('public.auth_group_permissions_id_seq', 1, false);


--
-- Name: auth_permission_id_seq; Type: SEQUENCE SET; Schema: public; Owner: vor_user
--

SELECT pg_catalog.setval('public.auth_permission_id_seq', 76, true);


--
-- Name: auth_user_groups_id_seq; Type: SEQUENCE SET; Schema: public; Owner: vor_user
--

SELECT pg_catalog.setval('public.auth_user_groups_id_seq', 1, false);


--
-- Name: auth_user_id_seq; Type: SEQUENCE SET; Schema: public; Owner: vor_user
--

SELECT pg_catalog.setval('public.auth_user_id_seq', 1, true);


--
-- Name: auth_user_user_permissions_id_seq; Type: SEQUENCE SET; Schema: public; Owner: vor_user
--

SELECT pg_catalog.setval('public.auth_user_user_permissions_id_seq', 1, false);


--
-- Name: django_admin_log_id_seq; Type: SEQUENCE SET; Schema: public; Owner: vor_user
--

SELECT pg_catalog.setval('public.django_admin_log_id_seq', 108, true);


--
-- Name: django_content_type_id_seq; Type: SEQUENCE SET; Schema: public; Owner: vor_user
--

SELECT pg_catalog.setval('public.django_content_type_id_seq', 19, true);


--
-- Name: django_migrations_id_seq; Type: SEQUENCE SET; Schema: public; Owner: vor_user
--

SELECT pg_catalog.setval('public.django_migrations_id_seq', 24, true);


--
-- Name: estimates_estimate_id_seq; Type: SEQUENCE SET; Schema: public; Owner: vor_user
--

SELECT pg_catalog.setval('public.estimates_estimate_id_seq', 5, true);


--
-- Name: estimates_estimateitem_id_seq; Type: SEQUENCE SET; Schema: public; Owner: vor_user
--

SELECT pg_catalog.setval('public.estimates_estimateitem_id_seq', 170, true);


--
-- Name: estimates_estimateitemresource_id_seq; Type: SEQUENCE SET; Schema: public; Owner: vor_user
--

SELECT pg_catalog.setval('public.estimates_estimateitemresource_id_seq', 172, true);


--
-- Name: estimates_estimatesection_id_seq; Type: SEQUENCE SET; Schema: public; Owner: vor_user
--

SELECT pg_catalog.setval('public.estimates_estimatesection_id_seq', 11, true);


--
-- Name: estimates_estimatesectionworktype_id_seq; Type: SEQUENCE SET; Schema: public; Owner: vor_user
--

SELECT pg_catalog.setval('public.estimates_estimatesectionworktype_id_seq', 26, true);


--
-- Name: reference_resource_id_seq; Type: SEQUENCE SET; Schema: public; Owner: vor_user
--

SELECT pg_catalog.setval('public.reference_resource_id_seq', 22, true);


--
-- Name: reference_work_id_seq; Type: SEQUENCE SET; Schema: public; Owner: vor_user
--

SELECT pg_catalog.setval('public.reference_work_id_seq', 20, true);


--
-- Name: reference_workcategory_id_seq; Type: SEQUENCE SET; Schema: public; Owner: vor_user
--

SELECT pg_catalog.setval('public.reference_workcategory_id_seq', 2, true);


--
-- Name: reference_workresource_id_seq; Type: SEQUENCE SET; Schema: public; Owner: vor_user
--

SELECT pg_catalog.setval('public.reference_workresource_id_seq', 53, true);


--
-- Name: reference_worktype_id_seq; Type: SEQUENCE SET; Schema: public; Owner: vor_user
--

SELECT pg_catalog.setval('public.reference_worktype_id_seq', 7, true);


--
-- Name: reference_worktypework_id_seq; Type: SEQUENCE SET; Schema: public; Owner: vor_user
--

SELECT pg_catalog.setval('public.reference_worktypework_id_seq', 52, true);


--
-- Name: auth_group auth_group_name_key; Type: CONSTRAINT; Schema: public; Owner: vor_user
--

ALTER TABLE ONLY public.auth_group
    ADD CONSTRAINT auth_group_name_key UNIQUE (name);


--
-- Name: auth_group_permissions auth_group_permissions_group_id_permission_id_0cd325b0_uniq; Type: CONSTRAINT; Schema: public; Owner: vor_user
--

ALTER TABLE ONLY public.auth_group_permissions
    ADD CONSTRAINT auth_group_permissions_group_id_permission_id_0cd325b0_uniq UNIQUE (group_id, permission_id);


--
-- Name: auth_group_permissions auth_group_permissions_pkey; Type: CONSTRAINT; Schema: public; Owner: vor_user
--

ALTER TABLE ONLY public.auth_group_permissions
    ADD CONSTRAINT auth_group_permissions_pkey PRIMARY KEY (id);


--
-- Name: auth_group auth_group_pkey; Type: CONSTRAINT; Schema: public; Owner: vor_user
--

ALTER TABLE ONLY public.auth_group
    ADD CONSTRAINT auth_group_pkey PRIMARY KEY (id);


--
-- Name: auth_permission auth_permission_content_type_id_codename_01ab375a_uniq; Type: CONSTRAINT; Schema: public; Owner: vor_user
--

ALTER TABLE ONLY public.auth_permission
    ADD CONSTRAINT auth_permission_content_type_id_codename_01ab375a_uniq UNIQUE (content_type_id, codename);


--
-- Name: auth_permission auth_permission_pkey; Type: CONSTRAINT; Schema: public; Owner: vor_user
--

ALTER TABLE ONLY public.auth_permission
    ADD CONSTRAINT auth_permission_pkey PRIMARY KEY (id);


--
-- Name: auth_user_groups auth_user_groups_pkey; Type: CONSTRAINT; Schema: public; Owner: vor_user
--

ALTER TABLE ONLY public.auth_user_groups
    ADD CONSTRAINT auth_user_groups_pkey PRIMARY KEY (id);


--
-- Name: auth_user_groups auth_user_groups_user_id_group_id_94350c0c_uniq; Type: CONSTRAINT; Schema: public; Owner: vor_user
--

ALTER TABLE ONLY public.auth_user_groups
    ADD CONSTRAINT auth_user_groups_user_id_group_id_94350c0c_uniq UNIQUE (user_id, group_id);


--
-- Name: auth_user auth_user_pkey; Type: CONSTRAINT; Schema: public; Owner: vor_user
--

ALTER TABLE ONLY public.auth_user
    ADD CONSTRAINT auth_user_pkey PRIMARY KEY (id);


--
-- Name: auth_user_user_permissions auth_user_user_permissions_pkey; Type: CONSTRAINT; Schema: public; Owner: vor_user
--

ALTER TABLE ONLY public.auth_user_user_permissions
    ADD CONSTRAINT auth_user_user_permissions_pkey PRIMARY KEY (id);


--
-- Name: auth_user_user_permissions auth_user_user_permissions_user_id_permission_id_14a6b632_uniq; Type: CONSTRAINT; Schema: public; Owner: vor_user
--

ALTER TABLE ONLY public.auth_user_user_permissions
    ADD CONSTRAINT auth_user_user_permissions_user_id_permission_id_14a6b632_uniq UNIQUE (user_id, permission_id);


--
-- Name: auth_user auth_user_username_key; Type: CONSTRAINT; Schema: public; Owner: vor_user
--

ALTER TABLE ONLY public.auth_user
    ADD CONSTRAINT auth_user_username_key UNIQUE (username);


--
-- Name: authtoken_token authtoken_token_pkey; Type: CONSTRAINT; Schema: public; Owner: vor_user
--

ALTER TABLE ONLY public.authtoken_token
    ADD CONSTRAINT authtoken_token_pkey PRIMARY KEY (key);


--
-- Name: authtoken_token authtoken_token_user_id_key; Type: CONSTRAINT; Schema: public; Owner: vor_user
--

ALTER TABLE ONLY public.authtoken_token
    ADD CONSTRAINT authtoken_token_user_id_key UNIQUE (user_id);


--
-- Name: django_admin_log django_admin_log_pkey; Type: CONSTRAINT; Schema: public; Owner: vor_user
--

ALTER TABLE ONLY public.django_admin_log
    ADD CONSTRAINT django_admin_log_pkey PRIMARY KEY (id);


--
-- Name: django_content_type django_content_type_app_label_model_76bd3d3b_uniq; Type: CONSTRAINT; Schema: public; Owner: vor_user
--

ALTER TABLE ONLY public.django_content_type
    ADD CONSTRAINT django_content_type_app_label_model_76bd3d3b_uniq UNIQUE (app_label, model);


--
-- Name: django_content_type django_content_type_pkey; Type: CONSTRAINT; Schema: public; Owner: vor_user
--

ALTER TABLE ONLY public.django_content_type
    ADD CONSTRAINT django_content_type_pkey PRIMARY KEY (id);


--
-- Name: django_migrations django_migrations_pkey; Type: CONSTRAINT; Schema: public; Owner: vor_user
--

ALTER TABLE ONLY public.django_migrations
    ADD CONSTRAINT django_migrations_pkey PRIMARY KEY (id);


--
-- Name: django_session django_session_pkey; Type: CONSTRAINT; Schema: public; Owner: vor_user
--

ALTER TABLE ONLY public.django_session
    ADD CONSTRAINT django_session_pkey PRIMARY KEY (session_key);


--
-- Name: estimates_estimate estimates_estimate_pkey; Type: CONSTRAINT; Schema: public; Owner: vor_user
--

ALTER TABLE ONLY public.estimates_estimate
    ADD CONSTRAINT estimates_estimate_pkey PRIMARY KEY (id);


--
-- Name: estimates_estimateitem estimates_estimateitem_pkey; Type: CONSTRAINT; Schema: public; Owner: vor_user
--

ALTER TABLE ONLY public.estimates_estimateitem
    ADD CONSTRAINT estimates_estimateitem_pkey PRIMARY KEY (id);


--
-- Name: estimates_estimateitem estimates_estimateitem_section_work_type_id_wor_9921f2a6_uniq; Type: CONSTRAINT; Schema: public; Owner: vor_user
--

ALTER TABLE ONLY public.estimates_estimateitem
    ADD CONSTRAINT estimates_estimateitem_section_work_type_id_wor_9921f2a6_uniq UNIQUE (section_work_type_id, work_id);


--
-- Name: estimates_estimateitemresource estimates_estimateitemre_estimate_item_id_resourc_d653bf41_uniq; Type: CONSTRAINT; Schema: public; Owner: vor_user
--

ALTER TABLE ONLY public.estimates_estimateitemresource
    ADD CONSTRAINT estimates_estimateitemre_estimate_item_id_resourc_d653bf41_uniq UNIQUE (estimate_item_id, resource_id);


--
-- Name: estimates_estimateitemresource estimates_estimateitemresource_pkey; Type: CONSTRAINT; Schema: public; Owner: vor_user
--

ALTER TABLE ONLY public.estimates_estimateitemresource
    ADD CONSTRAINT estimates_estimateitemresource_pkey PRIMARY KEY (id);


--
-- Name: estimates_estimatesection estimates_estimatesectio_estimate_id_work_categor_42fffc65_uniq; Type: CONSTRAINT; Schema: public; Owner: vor_user
--

ALTER TABLE ONLY public.estimates_estimatesection
    ADD CONSTRAINT estimates_estimatesectio_estimate_id_work_categor_42fffc65_uniq UNIQUE (estimate_id, work_category_id);


--
-- Name: estimates_estimatesectionworktype estimates_estimatesectio_section_id_work_type_id_b5985450_uniq; Type: CONSTRAINT; Schema: public; Owner: vor_user
--

ALTER TABLE ONLY public.estimates_estimatesectionworktype
    ADD CONSTRAINT estimates_estimatesectio_section_id_work_type_id_b5985450_uniq UNIQUE (section_id, work_type_id);


--
-- Name: estimates_estimatesection estimates_estimatesection_pkey; Type: CONSTRAINT; Schema: public; Owner: vor_user
--

ALTER TABLE ONLY public.estimates_estimatesection
    ADD CONSTRAINT estimates_estimatesection_pkey PRIMARY KEY (id);


--
-- Name: estimates_estimatesectionworktype estimates_estimatesectionworktype_pkey; Type: CONSTRAINT; Schema: public; Owner: vor_user
--

ALTER TABLE ONLY public.estimates_estimatesectionworktype
    ADD CONSTRAINT estimates_estimatesectionworktype_pkey PRIMARY KEY (id);


--
-- Name: reference_resource reference_resource_pkey; Type: CONSTRAINT; Schema: public; Owner: vor_user
--

ALTER TABLE ONLY public.reference_resource
    ADD CONSTRAINT reference_resource_pkey PRIMARY KEY (id);


--
-- Name: reference_work reference_work_pkey; Type: CONSTRAINT; Schema: public; Owner: vor_user
--

ALTER TABLE ONLY public.reference_work
    ADD CONSTRAINT reference_work_pkey PRIMARY KEY (id);


--
-- Name: reference_workcategory reference_workcategory_pkey; Type: CONSTRAINT; Schema: public; Owner: vor_user
--

ALTER TABLE ONLY public.reference_workcategory
    ADD CONSTRAINT reference_workcategory_pkey PRIMARY KEY (id);


--
-- Name: reference_workresource reference_workresource_pkey; Type: CONSTRAINT; Schema: public; Owner: vor_user
--

ALTER TABLE ONLY public.reference_workresource
    ADD CONSTRAINT reference_workresource_pkey PRIMARY KEY (id);


--
-- Name: reference_workresource reference_workresource_work_type_id_work_id_res_93dc2daf_uniq; Type: CONSTRAINT; Schema: public; Owner: vor_user
--

ALTER TABLE ONLY public.reference_workresource
    ADD CONSTRAINT reference_workresource_work_type_id_work_id_res_93dc2daf_uniq UNIQUE (work_type_id, work_id, resource_id);


--
-- Name: reference_worktype reference_worktype_pkey; Type: CONSTRAINT; Schema: public; Owner: vor_user
--

ALTER TABLE ONLY public.reference_worktype
    ADD CONSTRAINT reference_worktype_pkey PRIMARY KEY (id);


--
-- Name: reference_worktypework reference_worktypework_pkey; Type: CONSTRAINT; Schema: public; Owner: vor_user
--

ALTER TABLE ONLY public.reference_worktypework
    ADD CONSTRAINT reference_worktypework_pkey PRIMARY KEY (id);


--
-- Name: reference_worktypework reference_worktypework_work_type_id_work_id_f7412619_uniq; Type: CONSTRAINT; Schema: public; Owner: vor_user
--

ALTER TABLE ONLY public.reference_worktypework
    ADD CONSTRAINT reference_worktypework_work_type_id_work_id_f7412619_uniq UNIQUE (work_type_id, work_id);


--
-- Name: auth_group_name_a6ea08ec_like; Type: INDEX; Schema: public; Owner: vor_user
--

CREATE INDEX auth_group_name_a6ea08ec_like ON public.auth_group USING btree (name varchar_pattern_ops);


--
-- Name: auth_group_permissions_group_id_b120cbf9; Type: INDEX; Schema: public; Owner: vor_user
--

CREATE INDEX auth_group_permissions_group_id_b120cbf9 ON public.auth_group_permissions USING btree (group_id);


--
-- Name: auth_group_permissions_permission_id_84c5c92e; Type: INDEX; Schema: public; Owner: vor_user
--

CREATE INDEX auth_group_permissions_permission_id_84c5c92e ON public.auth_group_permissions USING btree (permission_id);


--
-- Name: auth_permission_content_type_id_2f476e4b; Type: INDEX; Schema: public; Owner: vor_user
--

CREATE INDEX auth_permission_content_type_id_2f476e4b ON public.auth_permission USING btree (content_type_id);


--
-- Name: auth_user_groups_group_id_97559544; Type: INDEX; Schema: public; Owner: vor_user
--

CREATE INDEX auth_user_groups_group_id_97559544 ON public.auth_user_groups USING btree (group_id);


--
-- Name: auth_user_groups_user_id_6a12ed8b; Type: INDEX; Schema: public; Owner: vor_user
--

CREATE INDEX auth_user_groups_user_id_6a12ed8b ON public.auth_user_groups USING btree (user_id);


--
-- Name: auth_user_user_permissions_permission_id_1fbb5f2c; Type: INDEX; Schema: public; Owner: vor_user
--

CREATE INDEX auth_user_user_permissions_permission_id_1fbb5f2c ON public.auth_user_user_permissions USING btree (permission_id);


--
-- Name: auth_user_user_permissions_user_id_a95ead1b; Type: INDEX; Schema: public; Owner: vor_user
--

CREATE INDEX auth_user_user_permissions_user_id_a95ead1b ON public.auth_user_user_permissions USING btree (user_id);


--
-- Name: auth_user_username_6821ab7c_like; Type: INDEX; Schema: public; Owner: vor_user
--

CREATE INDEX auth_user_username_6821ab7c_like ON public.auth_user USING btree (username varchar_pattern_ops);


--
-- Name: authtoken_token_key_10f0b77e_like; Type: INDEX; Schema: public; Owner: vor_user
--

CREATE INDEX authtoken_token_key_10f0b77e_like ON public.authtoken_token USING btree (key varchar_pattern_ops);


--
-- Name: django_admin_log_content_type_id_c4bce8eb; Type: INDEX; Schema: public; Owner: vor_user
--

CREATE INDEX django_admin_log_content_type_id_c4bce8eb ON public.django_admin_log USING btree (content_type_id);


--
-- Name: django_admin_log_user_id_c564eba6; Type: INDEX; Schema: public; Owner: vor_user
--

CREATE INDEX django_admin_log_user_id_c564eba6 ON public.django_admin_log USING btree (user_id);


--
-- Name: django_session_expire_date_a5c62663; Type: INDEX; Schema: public; Owner: vor_user
--

CREATE INDEX django_session_expire_date_a5c62663 ON public.django_session USING btree (expire_date);


--
-- Name: django_session_session_key_c0390e0f_like; Type: INDEX; Schema: public; Owner: vor_user
--

CREATE INDEX django_session_session_key_c0390e0f_like ON public.django_session USING btree (session_key varchar_pattern_ops);


--
-- Name: estimates_estimateitem_section_work_type_id_a3693a45; Type: INDEX; Schema: public; Owner: vor_user
--

CREATE INDEX estimates_estimateitem_section_work_type_id_a3693a45 ON public.estimates_estimateitem USING btree (section_work_type_id);


--
-- Name: estimates_estimateitem_work_id_a829ffdf; Type: INDEX; Schema: public; Owner: vor_user
--

CREATE INDEX estimates_estimateitem_work_id_a829ffdf ON public.estimates_estimateitem USING btree (work_id);


--
-- Name: estimates_estimateitemresource_estimate_item_id_d3d5879c; Type: INDEX; Schema: public; Owner: vor_user
--

CREATE INDEX estimates_estimateitemresource_estimate_item_id_d3d5879c ON public.estimates_estimateitemresource USING btree (estimate_item_id);


--
-- Name: estimates_estimateitemresource_resource_id_0d05527a; Type: INDEX; Schema: public; Owner: vor_user
--

CREATE INDEX estimates_estimateitemresource_resource_id_0d05527a ON public.estimates_estimateitemresource USING btree (resource_id);


--
-- Name: estimates_estimatesection_estimate_id_a819b57d; Type: INDEX; Schema: public; Owner: vor_user
--

CREATE INDEX estimates_estimatesection_estimate_id_a819b57d ON public.estimates_estimatesection USING btree (estimate_id);


--
-- Name: estimates_estimatesection_work_category_id_5d4e117d; Type: INDEX; Schema: public; Owner: vor_user
--

CREATE INDEX estimates_estimatesection_work_category_id_5d4e117d ON public.estimates_estimatesection USING btree (work_category_id);


--
-- Name: estimates_estimatesectionworktype_section_id_91b2564e; Type: INDEX; Schema: public; Owner: vor_user
--

CREATE INDEX estimates_estimatesectionworktype_section_id_91b2564e ON public.estimates_estimatesectionworktype USING btree (section_id);


--
-- Name: estimates_estimatesectionworktype_work_type_id_061833cf; Type: INDEX; Schema: public; Owner: vor_user
--

CREATE INDEX estimates_estimatesectionworktype_work_type_id_061833cf ON public.estimates_estimatesectionworktype USING btree (work_type_id);


--
-- Name: reference_workresource_resource_id_9fa8cf0d; Type: INDEX; Schema: public; Owner: vor_user
--

CREATE INDEX reference_workresource_resource_id_9fa8cf0d ON public.reference_workresource USING btree (resource_id);


--
-- Name: reference_workresource_work_id_2f72cda6; Type: INDEX; Schema: public; Owner: vor_user
--

CREATE INDEX reference_workresource_work_id_2f72cda6 ON public.reference_workresource USING btree (work_id);


--
-- Name: reference_workresource_work_type_id_eed4d0af; Type: INDEX; Schema: public; Owner: vor_user
--

CREATE INDEX reference_workresource_work_type_id_eed4d0af ON public.reference_workresource USING btree (work_type_id);


--
-- Name: reference_worktype_category_id_6da97d48; Type: INDEX; Schema: public; Owner: vor_user
--

CREATE INDEX reference_worktype_category_id_6da97d48 ON public.reference_worktype USING btree (category_id);


--
-- Name: reference_worktypework_work_id_e40cae37; Type: INDEX; Schema: public; Owner: vor_user
--

CREATE INDEX reference_worktypework_work_id_e40cae37 ON public.reference_worktypework USING btree (work_id);


--
-- Name: reference_worktypework_work_type_id_82176905; Type: INDEX; Schema: public; Owner: vor_user
--

CREATE INDEX reference_worktypework_work_type_id_82176905 ON public.reference_worktypework USING btree (work_type_id);


--
-- Name: auth_group_permissions auth_group_permissio_permission_id_84c5c92e_fk_auth_perm; Type: FK CONSTRAINT; Schema: public; Owner: vor_user
--

ALTER TABLE ONLY public.auth_group_permissions
    ADD CONSTRAINT auth_group_permissio_permission_id_84c5c92e_fk_auth_perm FOREIGN KEY (permission_id) REFERENCES public.auth_permission(id) DEFERRABLE INITIALLY DEFERRED;


--
-- Name: auth_group_permissions auth_group_permissions_group_id_b120cbf9_fk_auth_group_id; Type: FK CONSTRAINT; Schema: public; Owner: vor_user
--

ALTER TABLE ONLY public.auth_group_permissions
    ADD CONSTRAINT auth_group_permissions_group_id_b120cbf9_fk_auth_group_id FOREIGN KEY (group_id) REFERENCES public.auth_group(id) DEFERRABLE INITIALLY DEFERRED;


--
-- Name: auth_permission auth_permission_content_type_id_2f476e4b_fk_django_co; Type: FK CONSTRAINT; Schema: public; Owner: vor_user
--

ALTER TABLE ONLY public.auth_permission
    ADD CONSTRAINT auth_permission_content_type_id_2f476e4b_fk_django_co FOREIGN KEY (content_type_id) REFERENCES public.django_content_type(id) DEFERRABLE INITIALLY DEFERRED;


--
-- Name: auth_user_groups auth_user_groups_group_id_97559544_fk_auth_group_id; Type: FK CONSTRAINT; Schema: public; Owner: vor_user
--

ALTER TABLE ONLY public.auth_user_groups
    ADD CONSTRAINT auth_user_groups_group_id_97559544_fk_auth_group_id FOREIGN KEY (group_id) REFERENCES public.auth_group(id) DEFERRABLE INITIALLY DEFERRED;


--
-- Name: auth_user_groups auth_user_groups_user_id_6a12ed8b_fk_auth_user_id; Type: FK CONSTRAINT; Schema: public; Owner: vor_user
--

ALTER TABLE ONLY public.auth_user_groups
    ADD CONSTRAINT auth_user_groups_user_id_6a12ed8b_fk_auth_user_id FOREIGN KEY (user_id) REFERENCES public.auth_user(id) DEFERRABLE INITIALLY DEFERRED;


--
-- Name: auth_user_user_permissions auth_user_user_permi_permission_id_1fbb5f2c_fk_auth_perm; Type: FK CONSTRAINT; Schema: public; Owner: vor_user
--

ALTER TABLE ONLY public.auth_user_user_permissions
    ADD CONSTRAINT auth_user_user_permi_permission_id_1fbb5f2c_fk_auth_perm FOREIGN KEY (permission_id) REFERENCES public.auth_permission(id) DEFERRABLE INITIALLY DEFERRED;


--
-- Name: auth_user_user_permissions auth_user_user_permissions_user_id_a95ead1b_fk_auth_user_id; Type: FK CONSTRAINT; Schema: public; Owner: vor_user
--

ALTER TABLE ONLY public.auth_user_user_permissions
    ADD CONSTRAINT auth_user_user_permissions_user_id_a95ead1b_fk_auth_user_id FOREIGN KEY (user_id) REFERENCES public.auth_user(id) DEFERRABLE INITIALLY DEFERRED;


--
-- Name: authtoken_token authtoken_token_user_id_35299eff_fk_auth_user_id; Type: FK CONSTRAINT; Schema: public; Owner: vor_user
--

ALTER TABLE ONLY public.authtoken_token
    ADD CONSTRAINT authtoken_token_user_id_35299eff_fk_auth_user_id FOREIGN KEY (user_id) REFERENCES public.auth_user(id) DEFERRABLE INITIALLY DEFERRED;


--
-- Name: django_admin_log django_admin_log_content_type_id_c4bce8eb_fk_django_co; Type: FK CONSTRAINT; Schema: public; Owner: vor_user
--

ALTER TABLE ONLY public.django_admin_log
    ADD CONSTRAINT django_admin_log_content_type_id_c4bce8eb_fk_django_co FOREIGN KEY (content_type_id) REFERENCES public.django_content_type(id) DEFERRABLE INITIALLY DEFERRED;


--
-- Name: django_admin_log django_admin_log_user_id_c564eba6_fk_auth_user_id; Type: FK CONSTRAINT; Schema: public; Owner: vor_user
--

ALTER TABLE ONLY public.django_admin_log
    ADD CONSTRAINT django_admin_log_user_id_c564eba6_fk_auth_user_id FOREIGN KEY (user_id) REFERENCES public.auth_user(id) DEFERRABLE INITIALLY DEFERRED;


--
-- Name: estimates_estimateitemresource estimates_estimateit_estimate_item_id_d3d5879c_fk_estimates; Type: FK CONSTRAINT; Schema: public; Owner: vor_user
--

ALTER TABLE ONLY public.estimates_estimateitemresource
    ADD CONSTRAINT estimates_estimateit_estimate_item_id_d3d5879c_fk_estimates FOREIGN KEY (estimate_item_id) REFERENCES public.estimates_estimateitem(id) DEFERRABLE INITIALLY DEFERRED;


--
-- Name: estimates_estimateitemresource estimates_estimateit_resource_id_0d05527a_fk_reference; Type: FK CONSTRAINT; Schema: public; Owner: vor_user
--

ALTER TABLE ONLY public.estimates_estimateitemresource
    ADD CONSTRAINT estimates_estimateit_resource_id_0d05527a_fk_reference FOREIGN KEY (resource_id) REFERENCES public.reference_resource(id) DEFERRABLE INITIALLY DEFERRED;


--
-- Name: estimates_estimateitem estimates_estimateit_section_work_type_id_a3693a45_fk_estimates; Type: FK CONSTRAINT; Schema: public; Owner: vor_user
--

ALTER TABLE ONLY public.estimates_estimateitem
    ADD CONSTRAINT estimates_estimateit_section_work_type_id_a3693a45_fk_estimates FOREIGN KEY (section_work_type_id) REFERENCES public.estimates_estimatesectionworktype(id) DEFERRABLE INITIALLY DEFERRED;


--
-- Name: estimates_estimateitem estimates_estimateitem_work_id_a829ffdf_fk_reference_work_id; Type: FK CONSTRAINT; Schema: public; Owner: vor_user
--

ALTER TABLE ONLY public.estimates_estimateitem
    ADD CONSTRAINT estimates_estimateitem_work_id_a829ffdf_fk_reference_work_id FOREIGN KEY (work_id) REFERENCES public.reference_work(id) DEFERRABLE INITIALLY DEFERRED;


--
-- Name: estimates_estimatesection estimates_estimatese_estimate_id_a819b57d_fk_estimates; Type: FK CONSTRAINT; Schema: public; Owner: vor_user
--

ALTER TABLE ONLY public.estimates_estimatesection
    ADD CONSTRAINT estimates_estimatese_estimate_id_a819b57d_fk_estimates FOREIGN KEY (estimate_id) REFERENCES public.estimates_estimate(id) DEFERRABLE INITIALLY DEFERRED;


--
-- Name: estimates_estimatesectionworktype estimates_estimatese_section_id_91b2564e_fk_estimates; Type: FK CONSTRAINT; Schema: public; Owner: vor_user
--

ALTER TABLE ONLY public.estimates_estimatesectionworktype
    ADD CONSTRAINT estimates_estimatese_section_id_91b2564e_fk_estimates FOREIGN KEY (section_id) REFERENCES public.estimates_estimatesection(id) DEFERRABLE INITIALLY DEFERRED;


--
-- Name: estimates_estimatesection estimates_estimatese_work_category_id_5d4e117d_fk_reference; Type: FK CONSTRAINT; Schema: public; Owner: vor_user
--

ALTER TABLE ONLY public.estimates_estimatesection
    ADD CONSTRAINT estimates_estimatese_work_category_id_5d4e117d_fk_reference FOREIGN KEY (work_category_id) REFERENCES public.reference_workcategory(id) DEFERRABLE INITIALLY DEFERRED;


--
-- Name: estimates_estimatesectionworktype estimates_estimatese_work_type_id_061833cf_fk_reference; Type: FK CONSTRAINT; Schema: public; Owner: vor_user
--

ALTER TABLE ONLY public.estimates_estimatesectionworktype
    ADD CONSTRAINT estimates_estimatese_work_type_id_061833cf_fk_reference FOREIGN KEY (work_type_id) REFERENCES public.reference_worktype(id) DEFERRABLE INITIALLY DEFERRED;


--
-- Name: reference_workresource reference_workresour_resource_id_9fa8cf0d_fk_reference; Type: FK CONSTRAINT; Schema: public; Owner: vor_user
--

ALTER TABLE ONLY public.reference_workresource
    ADD CONSTRAINT reference_workresour_resource_id_9fa8cf0d_fk_reference FOREIGN KEY (resource_id) REFERENCES public.reference_resource(id) DEFERRABLE INITIALLY DEFERRED;


--
-- Name: reference_workresource reference_workresour_work_type_id_eed4d0af_fk_reference; Type: FK CONSTRAINT; Schema: public; Owner: vor_user
--

ALTER TABLE ONLY public.reference_workresource
    ADD CONSTRAINT reference_workresour_work_type_id_eed4d0af_fk_reference FOREIGN KEY (work_type_id) REFERENCES public.reference_worktype(id) DEFERRABLE INITIALLY DEFERRED;


--
-- Name: reference_workresource reference_workresource_work_id_2f72cda6_fk_reference_work_id; Type: FK CONSTRAINT; Schema: public; Owner: vor_user
--

ALTER TABLE ONLY public.reference_workresource
    ADD CONSTRAINT reference_workresource_work_id_2f72cda6_fk_reference_work_id FOREIGN KEY (work_id) REFERENCES public.reference_work(id) DEFERRABLE INITIALLY DEFERRED;


--
-- Name: reference_worktype reference_worktype_category_id_6da97d48_fk_reference; Type: FK CONSTRAINT; Schema: public; Owner: vor_user
--

ALTER TABLE ONLY public.reference_worktype
    ADD CONSTRAINT reference_worktype_category_id_6da97d48_fk_reference FOREIGN KEY (category_id) REFERENCES public.reference_workcategory(id) DEFERRABLE INITIALLY DEFERRED;


--
-- Name: reference_worktypework reference_worktypewo_work_type_id_82176905_fk_reference; Type: FK CONSTRAINT; Schema: public; Owner: vor_user
--

ALTER TABLE ONLY public.reference_worktypework
    ADD CONSTRAINT reference_worktypewo_work_type_id_82176905_fk_reference FOREIGN KEY (work_type_id) REFERENCES public.reference_worktype(id) DEFERRABLE INITIALLY DEFERRED;


--
-- Name: reference_worktypework reference_worktypework_work_id_e40cae37_fk_reference_work_id; Type: FK CONSTRAINT; Schema: public; Owner: vor_user
--

ALTER TABLE ONLY public.reference_worktypework
    ADD CONSTRAINT reference_worktypework_work_id_e40cae37_fk_reference_work_id FOREIGN KEY (work_id) REFERENCES public.reference_work(id) DEFERRABLE INITIALLY DEFERRED;


--
-- PostgreSQL database dump complete
--

\unrestrict GwdrkQlqqXkf9NOWX1rlEVtPqCChVf00mQ0S6M6QQoNn28nVsfIBcuiIntTmiOq

